-- phpMyAdmin SQL Dump
-- version 5.1.1
-- https://www.phpmyadmin.net/
--
-- Hôte : 127.0.0.1:3306
-- Généré le : mer. 29 juin 2022 à 09:34
-- Version du serveur : 5.7.36
-- Version de PHP : 7.4.26

SET SQL_MODE = "NO_AUTO_VALUE_ON_ZERO";
START TRANSACTION;
SET time_zone = "+00:00";


/*!40101 SET @OLD_CHARACTER_SET_CLIENT=@@CHARACTER_SET_CLIENT */;
/*!40101 SET @OLD_CHARACTER_SET_RESULTS=@@CHARACTER_SET_RESULTS */;
/*!40101 SET @OLD_COLLATION_CONNECTION=@@COLLATION_CONNECTION */;
/*!40101 SET NAMES utf8mb4 */;

--
-- Base de données : `multimag`
--

-- --------------------------------------------------------

--
-- Structure de la table `categorie_ref`
--

DROP TABLE IF EXISTS `categorie_ref`;
CREATE TABLE IF NOT EXISTS `categorie_ref` (
  `id` int(11) NOT NULL AUTO_INCREMENT,
  `categorie_ref` varchar(255) COLLATE utf8mb4_unicode_ci NOT NULL,
  `categorie_ref_en` varchar(255) COLLATE utf8mb4_unicode_ci DEFAULT NULL,
  PRIMARY KEY (`id`)
) ENGINE=InnoDB AUTO_INCREMENT=13 DEFAULT CHARSET=utf8mb4 COLLATE=utf8mb4_unicode_ci;

--
-- Déchargement des données de la table `categorie_ref`
--

INSERT INTO `categorie_ref` (`id`, `categorie_ref`, `categorie_ref_en`) VALUES
(1, 'Accessoires', 'Accessories'),
(2, 'Art', 'Art'),
(3, 'Arts de la table', 'Dining'),
(4, 'Bijoux & Montres', 'Jewelry & Watches'),
(5, 'Bougies & Diffuseurs', 'Candles & Diffusers'),
(6, 'Chaussures', 'Shoes'),
(7, 'Décoration', 'Decoration'),
(8, 'Lifestyle', 'Lifestyle'),
(9, 'Luminaires', 'Lighting'),
(10, 'Meubles', 'Furnitures'),
(11, 'Sacs', 'Bags'),
(12, 'Vêtements', 'Clothing');

-- --------------------------------------------------------

--
-- Structure de la table `categorie_univers`
--

DROP TABLE IF EXISTS `categorie_univers`;
CREATE TABLE IF NOT EXISTS `categorie_univers` (
  `id` int(11) NOT NULL AUTO_INCREMENT,
  `categorie_id` int(11) NOT NULL,
  `univers_id` int(11) NOT NULL,
  PRIMARY KEY (`id`),
  KEY `IDX_E2E383FBCF5E72D` (`categorie_id`),
  KEY `IDX_E2E383F1CF61C0B` (`univers_id`)
) ENGINE=InnoDB AUTO_INCREMENT=18 DEFAULT CHARSET=utf8mb4 COLLATE=utf8mb4_unicode_ci;

--
-- Déchargement des données de la table `categorie_univers`
--

INSERT INTO `categorie_univers` (`id`, `categorie_id`, `univers_id`) VALUES
(1, 2, 4),
(2, 3, 4),
(3, 5, 4),
(4, 7, 4),
(5, 8, 4),
(6, 9, 4),
(7, 10, 4),
(8, 1, 3),
(9, 4, 3),
(10, 6, 3),
(11, 11, 3),
(12, 12, 3),
(13, 1, 2),
(14, 4, 2),
(15, 6, 2),
(16, 11, 2),
(17, 12, 2);

-- --------------------------------------------------------

--
-- Structure de la table `continents`
--

DROP TABLE IF EXISTS `continents`;
CREATE TABLE IF NOT EXISTS `continents` (
  `id` int(11) NOT NULL AUTO_INCREMENT,
  `continent` varchar(255) COLLATE utf8mb4_unicode_ci NOT NULL,
  PRIMARY KEY (`id`)
) ENGINE=InnoDB DEFAULT CHARSET=utf8mb4 COLLATE=utf8mb4_unicode_ci;

-- --------------------------------------------------------

--
-- Structure de la table `couleurs_fnr`
--

DROP TABLE IF EXISTS `couleurs_fnr`;
CREATE TABLE IF NOT EXISTS `couleurs_fnr` (
  `id` int(11) NOT NULL AUTO_INCREMENT,
  `code_couleur` varchar(255) COLLATE utf8mb4_unicode_ci NOT NULL,
  `reference_couleur_1` varchar(255) COLLATE utf8mb4_unicode_ci NOT NULL,
  `reference_couleur_2` varchar(255) COLLATE utf8mb4_unicode_ci DEFAULT NULL,
  PRIMARY KEY (`id`)
) ENGINE=InnoDB DEFAULT CHARSET=utf8mb4 COLLATE=utf8mb4_unicode_ci;

-- --------------------------------------------------------

--
-- Structure de la table `couleur_ref`
--

DROP TABLE IF EXISTS `couleur_ref`;
CREATE TABLE IF NOT EXISTS `couleur_ref` (
  `id` int(11) NOT NULL AUTO_INCREMENT,
  `couleur_ref` varchar(255) COLLATE utf8mb4_unicode_ci NOT NULL,
  `couleur_ref_en` varchar(255) COLLATE utf8mb4_unicode_ci DEFAULT NULL,
  PRIMARY KEY (`id`)
) ENGINE=InnoDB AUTO_INCREMENT=23 DEFAULT CHARSET=utf8mb4 COLLATE=utf8mb4_unicode_ci;

--
-- Déchargement des données de la table `couleur_ref`
--

INSERT INTO `couleur_ref` (`id`, `couleur_ref`, `couleur_ref_en`) VALUES
(1, 'Argenté', NULL),
(2, 'Beige', 'Beige'),
(3, 'Blanc', 'White'),
(4, 'Bleu', 'Blue'),
(5, 'Bleu Marine', 'Navy blue'),
(6, 'Bordeaux', 'Burgundy'),
(7, 'Bronze', 'Bronze'),
(8, 'Camel', 'Camel'),
(9, 'Doré', 'Golden'),
(10, 'Gris', 'Grey'),
(11, 'Imprimé', 'Printed'),
(12, 'Jaune', 'Yellow'),
(13, 'Kaki', 'Khaki'),
(14, 'Marron', 'Brown'),
(15, 'Multicolore', 'Multicolor'),
(16, 'Neutre', 'Neutral'),
(17, 'Noir', 'Black'),
(18, 'Orange', 'Orange'),
(19, 'Rose', 'Pink'),
(20, 'Rouge', 'Red'),
(21, 'Transparent', 'Transparent'),
(22, 'Vert', 'Green');

-- --------------------------------------------------------

--
-- Structure de la table `coupe`
--

DROP TABLE IF EXISTS `coupe`;
CREATE TABLE IF NOT EXISTS `coupe` (
  `id` int(11) NOT NULL AUTO_INCREMENT,
  `coupe_ref` varchar(255) COLLATE utf8mb4_unicode_ci NOT NULL,
  `coupe_ref_en` varchar(255) COLLATE utf8mb4_unicode_ci DEFAULT NULL,
  PRIMARY KEY (`id`)
) ENGINE=InnoDB AUTO_INCREMENT=13 DEFAULT CHARSET=utf8mb4 COLLATE=utf8mb4_unicode_ci;

--
-- Déchargement des données de la table `coupe`
--

INSERT INTO `coupe` (`id`, `coupe_ref`, `coupe_ref_en`) VALUES
(1, 'La coupe est ajustée.', NULL),
(2, 'La coupe est ample.', NULL),
(3, 'La coupe est asymétrique.', NULL),
(4, 'La coupe est cintrée.', NULL),
(5, 'La coupe est droite.', NULL),
(6, 'La coupe est large.', NULL),
(7, 'La coupe est près du corps.', NULL),
(8, 'La coupe est skinny.', NULL),
(9, 'La coupe est slim.', NULL),
(10, 'La coupe est structurée.', NULL),
(11, 'La coupe est trapèze.', NULL),
(12, 'La coupe est évasée.', NULL);

-- --------------------------------------------------------

--
-- Structure de la table `doctrine_migration_versions`
--

DROP TABLE IF EXISTS `doctrine_migration_versions`;
CREATE TABLE IF NOT EXISTS `doctrine_migration_versions` (
  `version` varchar(191) COLLATE utf8_unicode_ci NOT NULL,
  `executed_at` datetime DEFAULT NULL,
  `execution_time` int(11) DEFAULT NULL,
  PRIMARY KEY (`version`)
) ENGINE=InnoDB DEFAULT CHARSET=utf8 COLLATE=utf8_unicode_ci;

--
-- Déchargement des données de la table `doctrine_migration_versions`
--

INSERT INTO `doctrine_migration_versions` (`version`, `executed_at`, `execution_time`) VALUES
('DoctrineMigrations\\Version20220629092719', '2022-06-29 09:27:29', 4121);

-- --------------------------------------------------------

--
-- Structure de la table `entretien`
--

DROP TABLE IF EXISTS `entretien`;
CREATE TABLE IF NOT EXISTS `entretien` (
  `id` int(11) NOT NULL AUTO_INCREMENT,
  `entretien` varchar(255) COLLATE utf8mb4_unicode_ci NOT NULL,
  `entretien_en` varchar(255) COLLATE utf8mb4_unicode_ci DEFAULT NULL,
  PRIMARY KEY (`id`)
) ENGINE=InnoDB AUTO_INCREMENT=12 DEFAULT CHARSET=utf8mb4 COLLATE=utf8mb4_unicode_ci;

--
-- Déchargement des données de la table `entretien`
--

INSERT INTO `entretien` (`id`, `entretien`, `entretien_en`) VALUES
(1, 'Brosser.', NULL),
(2, 'En machine, température max 30°C.', NULL),
(3, 'En machine, température max 40°C.', NULL),
(4, 'Lavage à la main.', NULL),
(5, 'Nettoyage chez un spécialiste.', NULL),
(6, 'Nettoyage à sec.', NULL),
(7, 'Nettoyer avec un chiffon, sans savon ni détergeant abrasif.', NULL),
(8, 'Nettoyer avec une brosse douce. Pulverisez le daim avec un agent anti-tâches avant d’être porté.', NULL),
(9, 'Nettoyer avec une éponge imbibée, puis cirer.', NULL),
(10, 'Nettoyer avec une éponge imbibée.', NULL),
(11, 'Utiliser une brosse pour nubuck.', NULL);

-- --------------------------------------------------------

--
-- Structure de la table `export_produit_temporaire`
--

DROP TABLE IF EXISTS `export_produit_temporaire`;
CREATE TABLE IF NOT EXISTS `export_produit_temporaire` (
  `id` int(11) NOT NULL AUTO_INCREMENT,
  `sku` int(11) NOT NULL,
  `date_ref` date NOT NULL,
  `marque` varchar(255) COLLATE utf8mb4_unicode_ci NOT NULL,
  `reference_fournisseur` varchar(255) COLLATE utf8mb4_unicode_ci NOT NULL,
  `couleur_fournisseur` varchar(255) COLLATE utf8mb4_unicode_ci DEFAULT NULL,
  `prix_vente` double NOT NULL,
  `prix_vente_remise` double DEFAULT NULL,
  `saison` varchar(255) COLLATE utf8mb4_unicode_ci NOT NULL,
  `univers` varchar(255) COLLATE utf8mb4_unicode_ci NOT NULL,
  `categorie` varchar(255) COLLATE utf8mb4_unicode_ci DEFAULT NULL,
  `sous_categorie` varchar(255) COLLATE utf8mb4_unicode_ci DEFAULT NULL,
  `filtre` varchar(255) COLLATE utf8mb4_unicode_ci DEFAULT NULL,
  `couleur` varchar(255) COLLATE utf8mb4_unicode_ci DEFAULT NULL,
  `pays_origine` varchar(255) COLLATE utf8mb4_unicode_ci DEFAULT NULL,
  `grille_taille` varchar(255) COLLATE utf8mb4_unicode_ci DEFAULT NULL,
  `attribut` varchar(255) COLLATE utf8mb4_unicode_ci DEFAULT NULL,
  `taille_stock_id` varchar(100) COLLATE utf8mb4_unicode_ci DEFAULT NULL,
  `taille_stock_code` varchar(50) COLLATE utf8mb4_unicode_ci DEFAULT NULL,
  `nom_produit_fr` varchar(255) COLLATE utf8mb4_unicode_ci DEFAULT NULL,
  `nom_produit_en` varchar(255) COLLATE utf8mb4_unicode_ci DEFAULT NULL,
  `entretien` varchar(255) COLLATE utf8mb4_unicode_ci DEFAULT NULL,
  `description_fr` varchar(255) COLLATE utf8mb4_unicode_ci DEFAULT NULL,
  `descriptio_en` varchar(255) COLLATE utf8mb4_unicode_ci DEFAULT NULL,
  `coupe` varchar(255) COLLATE utf8mb4_unicode_ci DEFAULT NULL,
  `taille_portee_mannequin` varchar(255) COLLATE utf8mb4_unicode_ci DEFAULT NULL,
  `matiere_1` varchar(255) COLLATE utf8mb4_unicode_ci DEFAULT NULL,
  `pourcent_matiere_1` double DEFAULT NULL,
  `matiere_2` varchar(255) COLLATE utf8mb4_unicode_ci DEFAULT NULL,
  `pourcent_matiere_2` double DEFAULT NULL,
  `matiere_3` varchar(255) COLLATE utf8mb4_unicode_ci DEFAULT NULL,
  `pourcent_matiere_3` double DEFAULT NULL,
  `matiere_4` varchar(255) COLLATE utf8mb4_unicode_ci DEFAULT NULL,
  `pourcent_matiere_4` double DEFAULT NULL,
  `matiere_5` varchar(255) COLLATE utf8mb4_unicode_ci DEFAULT NULL,
  `pourcent_matiere_5` double DEFAULT NULL,
  `matiere_6` varchar(255) COLLATE utf8mb4_unicode_ci DEFAULT NULL,
  `pourcent_matiere_6` double DEFAULT NULL,
  `matiere_7` varchar(255) COLLATE utf8mb4_unicode_ci DEFAULT NULL,
  `pourcent_matiere_7` double DEFAULT NULL,
  `matiere_8` varchar(255) COLLATE utf8mb4_unicode_ci DEFAULT NULL,
  `pourcent_matiere_8` double DEFAULT NULL,
  `matiere_9` varchar(255) COLLATE utf8mb4_unicode_ci DEFAULT NULL,
  `pourcent_matiere_9` double DEFAULT NULL,
  `matiere_10` varchar(255) COLLATE utf8mb4_unicode_ci DEFAULT NULL,
  `pourcent_matiere_10` double DEFAULT NULL,
  `dimension_fr` varchar(255) COLLATE utf8mb4_unicode_ci DEFAULT NULL,
  `dimension_en` varchar(255) COLLATE utf8mb4_unicode_ci DEFAULT NULL,
  `pictures` longtext COLLATE utf8mb4_unicode_ci,
  `tags_ref` longtext COLLATE utf8mb4_unicode_ci,
  `categorie_en` varchar(255) COLLATE utf8mb4_unicode_ci DEFAULT NULL,
  `sous_categorie_en` varchar(255) COLLATE utf8mb4_unicode_ci DEFAULT NULL,
  `filtre_en` varchar(255) COLLATE utf8mb4_unicode_ci DEFAULT NULL,
  `univers_en` varchar(255) COLLATE utf8mb4_unicode_ci DEFAULT NULL,
  `univers_abreviation` varchar(1) COLLATE utf8mb4_unicode_ci DEFAULT NULL,
  `coupe_en` varchar(255) COLLATE utf8mb4_unicode_ci DEFAULT NULL,
  `entretien_en` varchar(255) COLLATE utf8mb4_unicode_ci DEFAULT NULL,
  `couleur_en` varchar(255) COLLATE utf8mb4_unicode_ci DEFAULT NULL,
  `new_produit` tinyint(1) NOT NULL,
  `referencer` tinyint(1) NOT NULL,
  `date_arrivee` date DEFAULT NULL,
  `new_list_attente` tinyint(1) DEFAULT NULL,
  PRIMARY KEY (`id`)
) ENGINE=InnoDB DEFAULT CHARSET=utf8mb4 COLLATE=utf8mb4_unicode_ci;

-- --------------------------------------------------------

--
-- Structure de la table `famille5`
--

DROP TABLE IF EXISTS `famille5`;
CREATE TABLE IF NOT EXISTS `famille5` (
  `id` int(11) NOT NULL AUTO_INCREMENT,
  `code_famille_5` int(11) NOT NULL,
  `famille_5` varchar(255) COLLATE utf8mb4_unicode_ci DEFAULT NULL,
  PRIMARY KEY (`id`)
) ENGINE=InnoDB AUTO_INCREMENT=3 DEFAULT CHARSET=utf8mb4 COLLATE=utf8mb4_unicode_ci;

--
-- Déchargement des données de la table `famille5`
--

INSERT INTO `famille5` (`id`, `code_famille_5`, `famille_5`) VALUES
(1, 0, ''),
(2, 98, 'FROM S,vign,');

-- --------------------------------------------------------

--
-- Structure de la table `famille6`
--

DROP TABLE IF EXISTS `famille6`;
CREATE TABLE IF NOT EXISTS `famille6` (
  `id` int(11) NOT NULL AUTO_INCREMENT,
  `code_famille_6` int(11) NOT NULL,
  `famille_6` varchar(255) COLLATE utf8mb4_unicode_ci NOT NULL,
  PRIMARY KEY (`id`)
) ENGINE=InnoDB AUTO_INCREMENT=3 DEFAULT CHARSET=utf8mb4 COLLATE=utf8mb4_unicode_ci;

--
-- Déchargement des données de la table `famille6`
--

INSERT INTO `famille6` (`id`, `code_famille_6`, `famille_6`) VALUES
(1, 0, ''),
(2, 1, 'Enlight');

-- --------------------------------------------------------

--
-- Structure de la table `filtre_ref`
--

DROP TABLE IF EXISTS `filtre_ref`;
CREATE TABLE IF NOT EXISTS `filtre_ref` (
  `id` int(11) NOT NULL AUTO_INCREMENT,
  `sous_categorie_ref_id` int(11) DEFAULT NULL,
  `filtre` varchar(255) COLLATE utf8mb4_unicode_ci NOT NULL,
  `filtre_ref_en` varchar(255) COLLATE utf8mb4_unicode_ci DEFAULT NULL,
  PRIMARY KEY (`id`),
  KEY `IDX_3FA8C6C0E359B7AE` (`sous_categorie_ref_id`)
) ENGINE=InnoDB AUTO_INCREMENT=163 DEFAULT CHARSET=utf8mb4 COLLATE=utf8mb4_unicode_ci;

--
-- Déchargement des données de la table `filtre_ref`
--

INSERT INTO `filtre_ref` (`id`, `sous_categorie_ref_id`, `filtre`, `filtre_ref_en`) VALUES
(1, 1, 'Abat-jours', 'Lamp shades'),
(2, 2, 'Appareils de cuisine', 'Kitchen appliances'),
(3, 73, 'Assiettes', 'Plates'),
(4, 3, 'Assiettes murales', 'Wall plates'),
(5, 6, 'Autres accessoires', 'Other accessories'),
(6, 7, 'Bagues', 'Rings'),
(7, 26, 'Ballerines', 'Ballerina shoes'),
(8, 4, 'Bancs', 'Benches'),
(9, 8, 'Baskets', 'Sneakers'),
(10, 8, 'Baskets basses', 'Low top sneakers'),
(11, 8, 'Baskets hautes', 'High top sneakers'),
(12, 9, 'Bibliothèques', 'Bookcases'),
(13, 47, 'Blazers', 'Blazers'),
(14, 10, 'Blousons', 'Jackets'),
(15, 10, 'Blousons & Bombers', 'Jackets & Bombers'),
(16, 38, 'Body', 'Body'),
(17, 73, 'Bols', 'Bowls'),
(18, 23, 'Bonnets', 'Beannies'),
(19, 11, 'Bottes & Bottines', 'Boots & Ankle Boots'),
(20, 11, 'Bottes plates', 'Flat boots'),
(21, 11, 'Bottes à talons', 'Heeled boots'),
(22, 11, 'Bottines plates', 'Flat ankle boots'),
(23, 11, 'Bottines à talons', 'Heeled ankle boots'),
(24, 12, 'Boucles d\'oreilles', 'Earrings'),
(25, 13, 'Bougies parfumées', 'Scented candles'),
(26, 14, 'Boutons de manchette', 'Cufflinks'),
(27, 15, 'Boîtes', 'Boxes'),
(28, 16, 'Bracelets', 'Bracelets'),
(29, 18, 'Buffets', 'Sideboards'),
(30, 17, 'Cabas', 'Tote Bags'),
(31, 18, 'Cabinets', 'Cabinets'),
(32, 19, 'Cadres', 'Frames'),
(33, 4, 'Canapés & Poufs', 'Sofas & Poufs'),
(34, 47, 'Capes', 'Capes'),
(35, 73, 'Carafes', 'Carafes'),
(36, 60, 'Cardigans', 'Cardigans'),
(37, 20, 'Ceintures', 'Belts'),
(38, 21, 'Cendriers', 'Ashtrays'),
(39, 4, 'Chaises & Fauteuils', 'Chairs & Armchairs'),
(40, 22, 'Chandeliers & Bougeoirs', 'Candlesticks & Candleholders'),
(41, 23, 'Chapeaux', 'Hats'),
(42, 23, 'Chapeaux & Bonnets', 'Hats & Beanies'),
(43, 24, 'Chaussettes', 'Socks'),
(44, 25, 'Chaussettes & Collants', 'Socks & Tights'),
(45, 26, 'Chaussures plates', 'Flats'),
(46, 27, 'Chaussures à talons', 'High Heels'),
(47, 38, 'Chemises & Blouses', 'Blouses & Shirts'),
(48, 28, 'Chemises manches courtes', 'Short sleeve shirts'),
(49, 28, 'Chemises manches longues', 'Long sleeve shirts'),
(50, 29, 'Colliers', 'Necklaces'),
(51, 30, 'Combinaisons', 'Jumpsuits'),
(52, 30, 'Combinaisons & Salopettes', 'Jumpsuits & Overalls'),
(53, 18, 'Commodes', 'Dressers'),
(54, 31, 'Corbeilles', 'Baskets & Bins'),
(55, 32, 'Costumes & Smokings', 'Costumes & Tuxedos'),
(56, 33, 'Coussins', 'Pillows'),
(57, 73, 'Couverts', 'Cutlery'),
(58, 34, 'Couvertures & Plaids', 'Blankets & Throw'),
(59, 59, 'Cristaux', 'Crystals'),
(60, 10, 'Cuirs & Fourrures', 'Leather & Fur'),
(61, 11, 'Cuissardes', 'Over the knee boots'),
(62, 35, 'Denim', 'Denim'),
(63, 26, 'Derbies & Richelieu', 'Derbies & Oxfords shoes'),
(64, 73, 'Dessous de verre', 'Coasters'),
(65, 36, 'Diffuseurs', 'Diffusers'),
(66, 10, 'Doudounes', 'Down jacket'),
(67, 39, 'Débardeurs', 'Tank tops'),
(68, 37, 'Echarpes & Gants', 'Scarves & Gloves'),
(69, 59, 'Encens', 'Incense'),
(70, 27, 'Escarpins', 'Pumps'),
(71, 26, 'Espadrilles', 'Espadrilles'),
(72, 47, 'Faux cuirs & Fausses fourrures', 'Faux Leather & Faux fur'),
(73, 37, 'Gants', 'Gloves'),
(74, 10, 'Gilets', 'Vests'),
(75, 38, 'Hauts', 'Tops'),
(76, 40, 'Horloges', 'Clocks'),
(77, 35, 'Jeans droits', 'Straight jeans'),
(78, 35, 'Jeans larges', 'Wide & flared jeans'),
(79, 35, 'Jeans slim', 'Slim jeans'),
(80, 41, 'Jupes', 'Skirts'),
(81, 41, 'Jupes longues', 'Long skirts'),
(82, 41, 'Jupes midi', 'Mid-Length skirts'),
(83, 42, 'Lampadaires', 'Floor lamps'),
(84, 43, 'Lampes de table', 'Table lamps'),
(85, 44, 'Luminaires muraux', 'Wall lights'),
(86, 45, 'Lunettes', 'Glasses'),
(87, 45, 'Lunettes de Soleil', 'Sunglasses'),
(88, 46, 'Maillots de bain', 'Swimwear'),
(89, 47, 'Manteaux & Vestes', 'Coats & Blazer'),
(90, 47, 'Manteaux courts', 'Short coats'),
(91, 47, 'Manteaux longs', 'Long coats'),
(92, 47, 'Manteaux oversize', 'Oversized coats'),
(93, 6, 'Masques', 'Face masks'),
(94, 41, 'Mini-jupes', 'Mini skirts'),
(95, 48, 'Miroirs', 'Mirrors'),
(96, 26, 'Mocassins', 'Flats'),
(97, 49, 'Montres', 'Watches'),
(98, 26, 'Mules', 'Mules'),
(99, 50, 'Orfèvrerie', 'Gold & Silverware'),
(100, 51, 'Pantalons & Shorts', 'Trousers & Shorts'),
(101, 51, 'Pantalons cargo', 'Cargo pants'),
(102, 51, 'Pantalons de jogging', 'Track pants'),
(103, 51, 'Pantalons de jogging & Leggings', 'Track pants & Leggings'),
(104, 51, 'Pantalons droits', 'Straight pants'),
(105, 51, 'Pantalons en cuir', 'Leather pants'),
(106, 51, 'Pantalons en faux cuir', 'Faux leather pants'),
(107, 51, 'Pantalons habillés', 'Dress pants'),
(108, 51, 'Pantalons larges', 'Wide & flared pants'),
(109, 51, 'Pantalons slim', 'Slim pants'),
(110, 51, 'Pantalons écourtés', 'Cropped pants'),
(111, 52, 'Paravents', 'Screens'),
(112, 10, 'Parkas', 'Parkas'),
(113, 55, 'Pateaux ronds', 'Round trays'),
(114, 53, 'Petite maroquinerie', 'Small leather goods'),
(115, 54, 'Pieds de lampe', 'Lamp bases'),
(116, 55, 'Plateaux rectangulaires', 'Rectangular trays'),
(117, 56, 'Pochettes', 'Clutch Bags'),
(118, 39, 'Polos', 'Polos'),
(119, 60, 'Ponchos', 'Ponchos'),
(120, 53, 'Porte-cartes', 'Card holders'),
(121, 6, 'Porte-clés', 'Keychains'),
(122, 57, 'Porte-parapluies', 'Umbrella stands'),
(123, 58, 'Porte-revues & Serre-livres', 'Magazine racks & Bookends'),
(124, 53, 'Portefeuilles & Porte-monnaies', 'Purses & Wallets'),
(125, 59, 'Pots-pourris', 'Potpourris'),
(126, 60, 'Pulls', 'Knitwear'),
(127, 60, 'Pulls & Maille', 'Sweater & Knitwear'),
(128, 61, 'Robes', 'Dresses'),
(129, 61, 'Robes courtes', 'Short dresses'),
(130, 61, 'Robes longues', 'Long dresses'),
(131, 61, 'Robes mi-longues', 'Mid-Length dresses'),
(132, 62, 'Sacs ceinture', 'Belt Bags'),
(133, 63, 'Sacs à bandoulière', 'Shoulder Bags'),
(134, 64, 'Sacs à dos', 'Backpacks'),
(135, 65, 'Sacs à main', 'Handbags'),
(136, 66, 'Sandales', 'Sandals'),
(137, 66, 'Sandales plates', 'Flat sandals'),
(138, 27, 'Sandales à talons', 'Heeled sandals'),
(139, 67, 'Sculptures', 'Sculptures'),
(140, 18, 'Secrétaires & Trumeaux', 'Secretaries'),
(141, 51, 'Shorts', 'Shorts'),
(142, 68, 'Suspensions', 'Suspensions lamps'),
(143, 60, 'Sweatshirts & Hoodies', 'Sweatshirts & Hoodies'),
(144, 38, 'T-shirts & Débardeurs', 'T-shirts & Tank tops'),
(145, 39, 'T-shirts manches courtes', 'Short sleeve T-shirts'),
(146, 39, 'T-shirts manches longues', 'Long sleeve T-shirts'),
(147, 69, 'Tableaux', 'Paintings & Drawings'),
(148, 70, 'Tables', 'Tables'),
(149, 4, 'Tabourets', 'Stools'),
(150, 71, 'Tapis', 'Rugs'),
(151, 72, 'Thé & Café', 'Tea & Coffee'),
(152, 38, 'Tops', 'Tops'),
(153, 37, 'Tour de cou', 'Neck strap'),
(154, 47, 'Trenchs', 'Trenches'),
(155, 55, 'Tréteaux', 'Trestles'),
(156, 74, 'Vases', 'Vases'),
(157, 75, 'Verres', 'Drinking glasses'),
(158, 10, 'Vestes casual', 'Casual jackets'),
(159, 10, 'Vestes casuals', 'Casual jackets'),
(160, 10, 'Vestes structurées', 'Structured jackets'),
(161, 76, 'Vêtements d\'intérieur', 'Homewear'),
(162, 37, 'Écharpes', 'Scarves');

-- --------------------------------------------------------

--
-- Structure de la table `fournisseurs`
--

DROP TABLE IF EXISTS `fournisseurs`;
CREATE TABLE IF NOT EXISTS `fournisseurs` (
  `id` int(11) NOT NULL AUTO_INCREMENT,
  `code_fournisseur` varchar(255) COLLATE utf8mb4_unicode_ci NOT NULL,
  `nom_fournisseur` varchar(255) COLLATE utf8mb4_unicode_ci NOT NULL,
  PRIMARY KEY (`id`)
) ENGINE=InnoDB DEFAULT CHARSET=utf8mb4 COLLATE=utf8mb4_unicode_ci;

-- --------------------------------------------------------

--
-- Structure de la table `grille_taille`
--

DROP TABLE IF EXISTS `grille_taille`;
CREATE TABLE IF NOT EXISTS `grille_taille` (
  `id` int(11) NOT NULL AUTO_INCREMENT,
  `grille_taille` varchar(100) COLLATE utf8mb4_unicode_ci NOT NULL,
  PRIMARY KEY (`id`)
) ENGINE=InnoDB DEFAULT CHARSET=utf8mb4 COLLATE=utf8mb4_unicode_ci;

-- --------------------------------------------------------

--
-- Structure de la table `grille_taille_ref`
--

DROP TABLE IF EXISTS `grille_taille_ref`;
CREATE TABLE IF NOT EXISTS `grille_taille_ref` (
  `id` int(11) NOT NULL AUTO_INCREMENT,
  `grille_taille_ref` varchar(255) COLLATE utf8mb4_unicode_ci NOT NULL,
  PRIMARY KEY (`id`)
) ENGINE=InnoDB AUTO_INCREMENT=156 DEFAULT CHARSET=utf8mb4 COLLATE=utf8mb4_unicode_ci;

--
-- Déchargement des données de la table `grille_taille_ref`
--

INSERT INTO `grille_taille_ref` (`id`, `grille_taille_ref`) VALUES
(1, 'Bagues FRANCE'),
(2, 'Bagues ITALIE'),
(3, 'Bagues ROYAUME-UNI'),
(4, 'Bagues STANDARD'),
(5, 'Bagues ÉTATS-UNIS'),
(6, 'Bracelets NUMERIQUE'),
(7, 'Bracelets STANDARD'),
(8, 'Ceintures CM'),
(9, 'Ceintures POUCES'),
(10, 'Ceintures STANDARD'),
(11, 'Chapeaux EUROPE'),
(12, 'Chapeaux ROYAUME-UNI'),
(13, 'Chapeaux STANDARD'),
(14, 'Chapeaux STANDARD Numérique'),
(15, 'Chapeaux ÉTATS-UNIS'),
(16, 'Chaussettes STANDARD Numerique'),
(17, 'Chaussures BRÉSIL'),
(18, 'Chaussures CHINE'),
(19, 'Chaussures EUROPE'),
(20, 'Chaussures FRANCE'),
(21, 'Chaussures ITALIE'),
(22, 'Chaussures JAPON'),
(23, 'Chaussures ROYAUME-UNI'),
(24, 'Chaussures ÉTATS-UNIS'),
(25, 'Chemises COL'),
(26, 'Chemises COL US'),
(27, 'Enfant'),
(28, 'Gants POUCES'),
(29, 'Gants STANDARD'),
(30, 'Jeans'),
(31, 'Lunettes MM'),
(32, 'Lunettes STANDARD'),
(33, 'MM-A'),
(34, 'MM-B'),
(35, 'MM-C'),
(36, 'MM-CD'),
(37, 'MM-CDI'),
(38, 'MM-CDV'),
(39, 'MM-CDX'),
(40, 'MM-CI'),
(41, 'MM-D'),
(42, 'MM-DI'),
(43, 'MM-DV'),
(44, 'MM-E'),
(45, 'MM-F'),
(46, 'MM-FJ'),
(47, 'MM-FY'),
(48, 'MM-G'),
(49, 'MM-GB'),
(50, 'MM-GH'),
(51, 'MM-GN'),
(52, 'MM-GV'),
(53, 'MM-H'),
(54, 'MM-HC'),
(55, 'MM-HG'),
(56, 'MM-HI'),
(57, 'MM-HU'),
(58, 'MM-HUM'),
(59, 'MM-I'),
(60, 'MM-IM'),
(61, 'MM-J'),
(62, 'MM-K'),
(63, 'MM-KL'),
(64, 'MM-Ka'),
(65, 'MM-L'),
(66, 'MM-LM'),
(67, 'MM-M'),
(68, 'MM-MK'),
(69, 'MM-ML'),
(70, 'MM-MR'),
(71, 'MM-MRl'),
(72, 'MM-Ml'),
(73, 'MM-N'),
(74, 'MM-O'),
(75, 'MM-OCDV'),
(76, 'MM-P'),
(77, 'MM-PQ'),
(78, 'MM-PQRS'),
(79, 'MM-PW'),
(80, 'MM-Q'),
(81, 'MM-QF'),
(82, 'MM-QK'),
(83, 'MM-QL'),
(84, 'MM-QM'),
(85, 'MM-QP'),
(86, 'MM-R'),
(87, 'MM-S'),
(88, 'MM-SP'),
(89, 'MM-Sj'),
(90, 'MM-T'),
(91, 'MM-TY'),
(92, 'MM-Tb'),
(93, 'MM-U'),
(94, 'MM-UE'),
(95, 'MM-UH'),
(96, 'MM-UL'),
(97, 'MM-UM'),
(98, 'MM-UMH'),
(99, 'MM-UML'),
(100, 'MM-UMR'),
(101, 'MM-UMl'),
(102, 'MM-V'),
(103, 'MM-W'),
(104, 'MM-WY'),
(105, 'MM-Wb'),
(106, 'MM-Ww'),
(107, 'MM-X'),
(108, 'MM-XS'),
(109, 'MM-Y'),
(110, 'MM-YT'),
(111, 'MM-Z'),
(112, 'MM-ZE'),
(113, 'MM-a'),
(114, 'MM-aT'),
(115, 'MM-ab'),
(116, 'MM-b'),
(117, 'MM-c'),
(118, 'MM-e'),
(119, 'MM-f'),
(120, 'MM-h'),
(121, 'MM-hI'),
(122, 'MM-i'),
(123, 'MM-j'),
(124, 'MM-jP'),
(125, 'MM-jk'),
(126, 'MM-k'),
(127, 'MM-l'),
(128, 'MM-n'),
(129, 'MM-o'),
(130, 'MM-p'),
(131, 'MM-pqr'),
(132, 'MM-pqrs'),
(133, 'MM-q'),
(134, 'MM-qrs'),
(135, 'MM-r'),
(136, 'MM-rs'),
(137, 'MM-s'),
(138, 'MM-w'),
(139, 'Pantalons FRANCE'),
(140, 'Pantalons ITALIE'),
(141, 'Soutiens-gorge'),
(142, 'Taille Unique'),
(143, 'Vêtements AUSTRALIE'),
(144, 'Vêtements BRÉSIL'),
(145, 'Vêtements CHINE'),
(146, 'Vêtements DANEMARK'),
(147, 'Vêtements FRANCE Femme'),
(148, 'Vêtements FRANCE/ITALIE Homme'),
(149, 'Vêtements ITALIE Femme'),
(150, 'Vêtements JAPON'),
(151, 'Vêtements ROYAUME-UNI'),
(152, 'Vêtements RUSSIE'),
(153, 'Vêtements STANDARD'),
(154, 'Vêtements STANDARD Numerique'),
(155, 'Vêtements ÉTATS-UNIS');

-- --------------------------------------------------------

--
-- Structure de la table `magasins`
--

DROP TABLE IF EXISTS `magasins`;
CREATE TABLE IF NOT EXISTS `magasins` (
  `id` int(11) NOT NULL AUTO_INCREMENT,
  `code_magasin` int(11) NOT NULL,
  `magasin` varchar(255) COLLATE utf8mb4_unicode_ci DEFAULT NULL,
  PRIMARY KEY (`id`)
) ENGINE=InnoDB AUTO_INCREMENT=14 DEFAULT CHARSET=utf8mb4 COLLATE=utf8mb4_unicode_ci;

--
-- Déchargement des données de la table `magasins`
--

INSERT INTO `magasins` (`id`, `code_magasin`, `magasin`) VALUES
(1, 0, 'Entrepot'),
(2, 3, 'Farfetch shooting au Portugal'),
(3, 4, 'Braderie'),
(4, 7, 'Boutique Sevigne'),
(5, 9, 'Référencement Farfetch'),
(6, 11, NULL),
(7, 12, 'Référencement Leclaireur'),
(8, 14, 'Boutique Herold'),
(9, 18, 'Boutique Boissy'),
(10, 20, NULL),
(11, 50, 'Ventes internet Farfetch'),
(12, 51, 'Ventes internet Leclaireur'),
(13, 60, 'Marchandise défectueux');

-- --------------------------------------------------------

--
-- Structure de la table `marque_ref`
--

DROP TABLE IF EXISTS `marque_ref`;
CREATE TABLE IF NOT EXISTS `marque_ref` (
  `id` int(11) NOT NULL AUTO_INCREMENT,
  `marque` varchar(255) COLLATE utf8mb4_unicode_ci NOT NULL,
  PRIMARY KEY (`id`)
) ENGINE=InnoDB AUTO_INCREMENT=395 DEFAULT CHARSET=utf8mb4 COLLATE=utf8mb4_unicode_ci;

--
-- Déchargement des données de la table `marque_ref`
--

INSERT INTO `marque_ref` (`id`, `marque`) VALUES
(1, '07A'),
(2, '08 Sircus'),
(3, '1017 ALYX 9SM'),
(4, '11 by Boris Bidjan Saberi'),
(5, '2saints'),
(6, '32 Paradis Sprung Frères'),
(7, '69 by Isaac Sellam'),
(8, 'A Dose of Something Good'),
(9, 'A New Cross'),
(10, 'A Tentative Atelier'),
(11, 'A-COLD-WALL*'),
(12, 'AJMONE'),
(13, 'AMBUSH®'),
(14, 'Aalto'),
(15, 'Afroditi Hera'),
(16, 'Aganovich'),
(17, 'Agnona'),
(18, 'Alanui'),
(19, 'Alex Mullins'),
(20, 'Alex Perry'),
(21, 'Alexander McQueen'),
(22, 'Alexis'),
(23, 'Alison Berger Glassworks'),
(24, 'Ambientec'),
(25, 'American Studio Craft'),
(26, 'Andrea Crews'),
(27, 'Andy Wolf'),
(28, 'Ann Demeulemeester'),
(29, 'Ann Demeulemeester x Serax'),
(30, 'Ann Demeulemeester-Serax'),
(31, 'Anna Torfs'),
(32, 'Archives'),
(33, 'Archivio J.M. Ribot'),
(34, 'Aristide Najean'),
(35, 'Artselab'),
(36, 'Atelier Buffile'),
(37, 'Atelier Serpi'),
(38, 'Atelier Von Pelt'),
(39, 'Attachment'),
(40, 'Avant Toi'),
(41, 'Awake'),
(42, 'AïZEA'),
(43, 'Balenciaga'),
(44, 'Bally'),
(45, 'Bally x Swizz Beatz'),
(46, 'Balmain'),
(47, 'Be Positive'),
(48, 'Ben Storms'),
(49, 'Besfxxk'),
(50, 'Bitossi Ceramiche'),
(51, 'Blackyoto'),
(52, 'Blancha'),
(53, 'Blindness'),
(54, 'Bmuet(te)'),
(55, 'Boboutic'),
(56, 'Bokja'),
(57, 'Borek Sipek'),
(58, 'Boris Bidjan Saberi'),
(59, 'Boris Bidjan Saberi x Salomon'),
(60, 'Both'),
(61, 'By Walid'),
(62, 'Bénédicte Vallet'),
(63, 'CA4LA'),
(64, 'Canada Goose'),
(65, 'Canada Goose x Juun.J'),
(66, 'Canada Goose x Y/Project'),
(67, 'Carlo Moretti'),
(68, 'Carol Christian Poell'),
(69, 'Carven'),
(70, 'Cedric Jacquemyn'),
(71, 'Chadwick'),
(72, 'Chenpeng'),
(73, 'Cherevichkiotvichki'),
(74, 'Chloé'),
(75, 'Christopher Nemeth'),
(76, 'Cledran'),
(77, 'Comme Des Garçons'),
(78, 'Comme Des Garçons Homme Plus'),
(79, 'Comme Des Garçons Play'),
(80, 'Comme Des Garçons Shirt'),
(81, 'Comme Des Garçons Shirt x Asics'),
(82, 'Cornelian Taurus'),
(83, 'Cottweiler'),
(84, 'Craig Green'),
(85, 'Curtis Jeré'),
(86, 'DRKSHDW'),
(87, 'DRKSHDW x CONVERSE'),
(88, 'Dalo'),
(89, 'Deepti'),
(90, 'Del Carlo'),
(91, 'Delada'),
(92, 'Di Liborio'),
(93, 'Diamondogs'),
(94, 'Diesel Red Tag'),
(95, 'Dita'),
(96, 'Dom Rebel'),
(97, 'Donald Drumm'),
(98, 'Dovetusai'),
(99, 'Dr. Martens x Rick Owens'),
(100, 'Dr. Martens x Undercover'),
(101, 'Dries Van Noten'),
(102, 'Drome'),
(103, 'ESDE'),
(104, 'Edhen'),
(105, 'Editamateria'),
(106, 'Edward Crutchley'),
(107, 'Eligo'),
(108, 'Elina Linardaki'),
(109, 'Ellery'),
(110, 'En Shalla'),
(111, 'Englander & Bonta'),
(112, 'Erdem'),
(113, 'FDMTL'),
(114, 'Facetasm'),
(115, 'Factory900'),
(116, 'Faith Connexion'),
(117, 'Faliero Sarti'),
(118, 'Fanga'),
(119, 'Federico Curradi'),
(120, 'Fendi'),
(121, 'Fob Paris'),
(122, 'Forcerepublik'),
(123, 'Fornasetti'),
(124, 'Fornasetti Vintage'),
(125, 'François Thevenin'),
(126, 'Frei Mut'),
(127, 'Frenckenberger'),
(128, 'Fumito Ganryu'),
(129, 'Gabriele Pasini'),
(130, 'Ganryu x Salomon'),
(131, 'Gatti'),
(132, 'Geoffrey B. Small'),
(133, 'Geoffrey Parker'),
(134, 'Ghidini 1961'),
(135, 'Gilles Caffier'),
(136, 'Giorgio Brato'),
(137, 'Glas Italia'),
(138, 'Goti di Goti'),
(139, 'Greedilous'),
(140, 'Greg Lauren'),
(141, 'Griffe Montenapoleone by Vetrerie di Empoli'),
(142, 'Gucci'),
(143, 'Guidi'),
(144, 'Haider Ackermann'),
(145, 'Hakusan'),
(146, 'Hed Mayner'),
(147, 'Herno'),
(148, 'Horisaki'),
(149, 'Hugh Findletar'),
(150, 'Hyein Seo'),
(151, 'IH NOM UH NIT'),
(152, 'Iiuvo'),
(153, 'Ilaria Nistri'),
(154, 'Individual Sentiments'),
(155, 'Isaac Sellam'),
(156, 'Issey Miyake'),
(157, 'Issey Miyake Eyewear'),
(158, 'J.W Anderson'),
(159, 'Jacques Marie Mage'),
(160, 'Jil Sander'),
(161, 'John'),
(162, 'John Alexander Skelton'),
(163, 'John Burdick'),
(164, 'John-Paul Philippe'),
(165, 'Jordanluca'),
(166, 'Julius'),
(167, 'Junya Watanabe'),
(168, 'Juun.J'),
(169, 'Kame Man Nen'),
(170, 'Kanghyuk'),
(171, 'Kanghyuk x Reebok'),
(172, 'Knit Brary'),
(173, 'Koché'),
(174, 'Ksubi'),
(175, 'Ksubi x Hidji World'),
(176, 'Kuboraum'),
(177, 'Kuro'),
(178, 'Label Under Construction'),
(179, 'Lamberto Losani'),
(180, 'Lanvin'),
(181, 'Laura B'),
(182, 'Layer-0'),
(183, 'Le Kasha'),
(184, 'Leclaireur'),
(185, 'Leon Emanuel Blanck'),
(186, 'Litkovskaya'),
(187, 'Loha Vete'),
(188, 'Loverboy'),
(189, 'M.A+'),
(190, 'Mad et Len'),
(191, 'Made on Grand'),
(192, 'Madoda Fani'),
(193, 'Maison Margiela'),
(194, 'Maison Margiela x Reebok'),
(195, 'Maison Mihara Yasuhiro'),
(196, 'Maison Rabih Kayrouz'),
(197, 'Maison Ravn'),
(198, 'Maison Ullens'),
(199, 'Marc Jacques Burton'),
(200, 'Marc Le Bihan'),
(201, 'Marchand Drapier'),
(202, 'Marine Serre'),
(203, 'Mario Bellini'),
(204, 'Marsèll'),
(205, 'Masnada'),
(206, 'Master & Dynamic'),
(207, 'Mastercraft Union'),
(208, 'Mathieu Miljavac'),
(209, 'Matias Denim'),
(210, 'Matsuda'),
(211, 'Mattew Miller'),
(212, 'Matthew Miller'),
(213, 'Melitta Baumeister'),
(214, 'Miaoran'),
(215, 'Miharayasuhiro'),
(216, 'Moncler'),
(217, 'Moncler Genius'),
(218, 'Moncler Genius Craig Green'),
(219, 'Moncler x Rick Owens'),
(220, 'Monse'),
(221, 'Moohong'),
(222, 'Mr&Mrs'),
(223, 'Mr&Mrs Italy'),
(224, 'Muñoz Vrandecic'),
(225, 'Myar'),
(226, 'Mylinh Nguyen'),
(227, 'Myths'),
(228, 'Nanushka'),
(229, 'Natasha Zinko'),
(230, 'Neil Barrett'),
(231, 'Nigel Cabourn'),
(232, 'Nike x Comme Des Garçons'),
(233, 'Noir Kei Ninomiya'),
(234, 'Numero 10'),
(235, 'Nymphenburg'),
(236, 'Off-White'),
(237, 'Officine Creative'),
(238, 'Olympia Le Tan'),
(239, 'Orolog'),
(240, 'Orylag'),
(241, 'Oscar de la Renta'),
(242, 'Osvaldo Borsani'),
(243, 'PLAY Comme des Garçons'),
(244, 'Paul Evans'),
(245, 'Paul Harnden'),
(246, 'Per Götesson'),
(247, 'Peter Do'),
(248, 'Peter Non'),
(249, 'Peter Pilotto'),
(250, 'Petrosolaum'),
(251, 'Phaedo'),
(252, 'Philip & Kevin Laverne'),
(253, 'Philippe Hiquily'),
(254, 'Pia Manu'),
(255, 'Pierre Bonnefille'),
(256, 'Pierre Giraudon'),
(257, 'Pierre Louis Mascia'),
(258, 'Pierre-Louis Mascia'),
(259, 'Piet Hein Eek'),
(260, 'Poiret'),
(261, 'Ports 1961'),
(262, 'Preciously'),
(263, 'Preen by Thornton Bregazzi'),
(264, 'Premiata'),
(265, 'Printed Artworks'),
(266, 'Private 02 04'),
(267, 'Projekt Produkt'),
(268, 'Pushbutton'),
(269, 'Péro'),
(270, 'Quetsche'),
(271, 'R13'),
(272, 'Rajesh Pratap Singh'),
(273, 'Raparo'),
(274, 'Ray Howlett'),
(275, 'Reilly Fakenews'),
(276, 'Renli su'),
(277, 'René Buthaud'),
(278, 'Richard Quinn'),
(279, 'Rick Owens'),
(280, 'Rigards'),
(281, 'Roberto Collina'),
(282, 'Rochas'),
(283, 'Rocio'),
(284, 'Rocking H'),
(285, 'Roggykei'),
(286, 'Rokh'),
(287, 'Rombaut'),
(288, 'Rosa Maria'),
(289, 'Rosantica'),
(290, 'Rossi et Arcandi'),
(291, 'Rubber Soul'),
(292, 'Sacai'),
(293, 'Sagittaire A'),
(294, 'Saint Laurent'),
(295, 'San Lorenzo'),
(296, 'Sara Lanzi'),
(297, 'Sawaya & Moroni'),
(298, 'Scunzani Ivo'),
(299, 'Segno Italiano'),
(300, 'Sener Besim'),
(301, 'Serge Thoraval'),
(302, 'Shiro Sakai'),
(303, 'Shiro Sakai x Leclaireur'),
(304, 'Side Slope'),
(305, 'Sies Marjan'),
(306, 'Silvano Sassetti'),
(307, 'Simeon Farrar'),
(308, 'Simone Rocha'),
(309, 'Sofie d\'Hoore'),
(310, 'Song for the Mute'),
(311, 'Song for the Mute x Leclaireur'),
(312, 'Sophie Dries'),
(313, 'Sprookjes'),
(314, 'Stella McCartney'),
(315, 'Stouls'),
(316, 'Stuart Weitzman'),
(317, 'Studio Tangent'),
(318, 'Studio Wieki Somers For Thomas Eyck'),
(319, 'Suketdhir'),
(320, 'Suprema'),
(321, 'Suzusan'),
(322, 'Sylvia Toledano'),
(323, 'TAKAHIROMIYASHITATheSoloist.'),
(324, 'Tacet'),
(325, 'Taichimurakami'),
(326, 'Takahiromiyashit Thesoloist.'),
(327, 'Teatum Jones'),
(328, 'Tecknomonster'),
(329, 'Texas Robot'),
(330, 'The Elder Statesman'),
(331, 'The Last Conspiracy'),
(332, 'The Row'),
(333, 'The Shepherd UNDERCOVER'),
(334, 'The Viridi-Anne'),
(335, 'Therabody'),
(336, 'Thierry Colson'),
(337, 'Thierry Lemaire'),
(338, 'Thom Browne'),
(339, 'Thomas Eyck'),
(340, 'Tibaeg'),
(341, 'Tichelaar'),
(342, 'Timothy Richard'),
(343, 'Timothy Richards'),
(344, 'Tobias Wistisen'),
(345, 'Tokujin Yoshioka'),
(346, 'Tomoyuki Iwanami'),
(347, 'Toogood'),
(348, 'True Tribe'),
(349, 'Tuinch'),
(350, 'Tumi'),
(351, 'U-Boat'),
(352, 'Ugo Cacciatori'),
(353, 'Uma Wang'),
(354, 'Un Solo Mundo'),
(355, 'Undercover'),
(356, 'Unknown'),
(357, 'Utzon'),
(358, 'VBH'),
(359, 'Valentino'),
(360, 'Vans x FDMTL'),
(361, 'Vava Eyewear'),
(362, 'Vera Wang'),
(363, 'Vicenzo de Cotiis'),
(364, 'Vincenzo De Cotiis'),
(365, 'Vintage'),
(366, 'Vittorio Introini'),
(367, 'Voodoo'),
(368, 'Wales Bonner'),
(369, 'Warm Me'),
(370, 'Warren Platner'),
(371, 'Werkstatt:Munchen'),
(372, 'White'),
(373, 'Wild and Woolly'),
(374, 'Wnderkammer'),
(375, 'Wons Mous'),
(376, 'Xiao Li'),
(377, 'Y/Project'),
(378, 'Y/Project x Canada Goose'),
(379, 'Yang Li'),
(380, 'Yatay'),
(381, 'Yataï'),
(382, 'Yates'),
(383, 'Yeezy'),
(384, 'Yesey'),
(385, 'Yohji Yamamoto'),
(386, 'Yohji Yamamoto x Vessel'),
(387, 'Youser'),
(388, 'Youth of Paris'),
(389, 'Zaha Hadid'),
(390, 'Zanieri'),
(391, 'Ziggy Chen'),
(392, 'Zimmermann'),
(393, 'Zoobeetle x JDL'),
(394, 'Zuhair Murad');

-- --------------------------------------------------------

--
-- Structure de la table `matiere`
--

DROP TABLE IF EXISTS `matiere`;
CREATE TABLE IF NOT EXISTS `matiere` (
  `id` int(11) NOT NULL AUTO_INCREMENT,
  `matiere` varchar(255) COLLATE utf8mb4_unicode_ci NOT NULL,
  `matiere_en` varchar(255) COLLATE utf8mb4_unicode_ci DEFAULT NULL,
  PRIMARY KEY (`id`)
) ENGINE=InnoDB AUTO_INCREMENT=400 DEFAULT CHARSET=utf8mb4 COLLATE=utf8mb4_unicode_ci;

--
-- Déchargement des données de la table `matiere`
--

INSERT INTO `matiere` (`id`, `matiere`, `matiere_en`) VALUES
(1, 'Abaca', NULL),
(2, 'Acier', NULL),
(3, 'Acier inoxydable', NULL),
(4, 'Acrylique', NULL),
(5, 'Acrylique (doublure)', NULL),
(6, 'Acrylique (rembourrage)', NULL),
(7, 'Acétate', NULL),
(8, 'Acétate (doublure)', NULL),
(9, 'Acétate (empiècement)', NULL),
(10, 'Agneau (garniture)', NULL),
(11, 'Alashan cashmere', NULL),
(12, 'Alcantara', NULL),
(13, 'Alpaga', NULL),
(14, 'Alpaga (doublure)', NULL),
(15, 'Aluminium', NULL),
(16, 'Angora', NULL),
(17, 'Angora (doublure)', NULL),
(18, 'Angora de lapin', NULL),
(19, 'Ardoise', NULL),
(20, 'Argent', NULL),
(21, 'Argent sterling', NULL),
(22, 'Astrakan', NULL),
(23, 'Autres fibres', NULL),
(24, 'Baby cashmere', NULL),
(25, 'Bambou', NULL),
(26, 'Bois', NULL),
(27, 'Bois de rose', NULL),
(28, 'Branchage', NULL),
(29, 'Bronze', NULL),
(30, 'CBD', NULL),
(31, 'CBD (cannabidiol)', NULL),
(32, 'CBD 100mg', NULL),
(33, 'CBD 500mg', NULL),
(34, 'Cachemire', NULL),
(35, 'Cachemire (doublure)', NULL),
(36, 'Calcédoine', NULL),
(37, 'Cannetille (empiècement)', NULL),
(38, 'Caoutchouc', NULL),
(39, 'Caoutchouc (semelle)', NULL),
(40, 'Carbone', NULL),
(41, 'Carcasse', NULL),
(42, 'Carton', NULL),
(43, 'Chanvre', NULL),
(44, 'Chanvre (doublure)', NULL),
(45, 'Chrome', NULL),
(46, 'Cire', NULL),
(47, 'Cire végétale', NULL),
(48, 'Citron', NULL),
(49, 'Coquelicot', NULL),
(50, 'Cordon métallique', NULL),
(51, 'Cordovan', NULL),
(52, 'Corne', NULL),
(53, 'Coton', NULL),
(54, 'Coton (doublure)', NULL),
(55, 'Coton (empiècement)', NULL),
(56, 'Coton Organique', NULL),
(57, 'Cristal', NULL),
(58, 'Cristaux', NULL),
(59, 'Cristaux Swarovski', NULL),
(60, 'Cristaux de sel de mer', NULL),
(61, 'Cuir', NULL),
(62, 'Cuir (doublure)', NULL),
(63, 'Cuir (semelles)', NULL),
(64, 'Cuir d\'agneau', NULL),
(65, 'Cuir d\'agneau (doublure)', NULL),
(66, 'Cuir d\'antilope', NULL),
(67, 'Cuir d\'autruche', NULL),
(68, 'Cuir d\'âne', NULL),
(69, 'Cuir de bison', NULL),
(70, 'Cuir de boeuf', NULL),
(71, 'Cuir de buffle', NULL),
(72, 'Cuir de buffle d\'eau', NULL),
(73, 'Cuir de bélier', NULL),
(74, 'Cuir de cerf', NULL),
(75, 'Cuir de chameau', NULL),
(76, 'Cuir de cheval', NULL),
(77, 'Cuir de cheval (doublure)', NULL),
(78, 'Cuir de chevreau', NULL),
(79, 'Cuir de chèvre', NULL),
(80, 'Cuir de chèvre (doublure)', NULL),
(81, 'Cuir de crocodile', NULL),
(82, 'Cuir de kangourou', NULL),
(83, 'Cuir de karung', NULL),
(84, 'Cuir de mouton', NULL),
(85, 'Cuir de mouton (doublure)', NULL),
(86, 'Cuir de requin', NULL),
(87, 'Cuir de serpent', NULL),
(88, 'Cuir de taureau', NULL),
(89, 'Cuir de vache', NULL),
(90, 'Cuir de vache (empiècement)', NULL),
(91, 'Cuir de vachette', NULL),
(92, 'Cuir de veau', NULL),
(93, 'Cuir de veau (accessoires)', NULL),
(94, 'Cuir de veau (doublure)', NULL),
(95, 'Cuir de veau (semelles)', NULL),
(96, 'Cuir de veau sans chrome', NULL),
(97, 'Cuir de yack', NULL),
(98, 'Cuir nappa', NULL),
(99, 'Cuir synthétique', NULL),
(100, 'Cuir verni', NULL),
(101, 'Cuivre', NULL),
(102, 'Cupro', NULL),
(103, 'Cupro (doublure)', NULL),
(104, 'Cupro (empiècement)', NULL),
(105, 'Céramique', NULL),
(106, 'Daim', NULL),
(107, 'Diamants', NULL),
(108, 'Diamants Icy', NULL),
(109, 'Diamants falamank', NULL),
(110, 'Diamants noirs', NULL),
(111, 'Duvet (rembourrage)', NULL),
(112, 'Duvet d\'oie (rembourrage)', NULL),
(113, 'Duvet de canard (rembourrage)', NULL),
(114, 'EVA (semelles)', NULL),
(115, 'Eau de Chevreuse', NULL),
(116, 'Elastodiène', NULL),
(117, 'Elastomultiester', NULL),
(118, 'Elite', NULL),
(119, 'Elite (doublure)', NULL),
(120, 'Encens', NULL),
(121, 'Ethyléne-acétate de vinyle', NULL),
(122, 'Fausse fourrure', NULL),
(123, 'Fer', NULL),
(124, 'Feutre de castor', NULL),
(125, 'Feutre de lapin', NULL),
(126, 'Fibre', NULL),
(127, 'Fibre de carbone', NULL),
(128, 'Fibre de verre', NULL),
(129, 'Fibre métallique', NULL),
(130, 'Fil d\'acier', NULL),
(131, 'Fil de cuivre', NULL),
(132, 'Fil métallique', NULL),
(133, 'Flax', NULL),
(134, 'Fluorofibre', NULL),
(135, 'Fourrure', NULL),
(136, 'Fourrure d\'agneau', NULL),
(137, 'Fourrure d\'agneau (doublure)', NULL),
(138, 'Fourrure d\'orylag', NULL),
(139, 'Fourrure de castor', NULL),
(140, 'Fourrure de chèvre', NULL),
(141, 'Fourrure de coyote', NULL),
(142, 'Fourrure de kalgan', NULL),
(143, 'Fourrure de kidassia', NULL),
(144, 'Fourrure de lapin', NULL),
(145, 'Fourrure de lapin (doublure)', NULL),
(146, 'Fourrure de mouton', NULL),
(147, 'Fourrure de poney', NULL),
(148, 'Fourrure de ragondin', NULL),
(149, 'Fourrure de raton laveur', NULL),
(150, 'Fourrure de renard', NULL),
(151, 'Fourrure de renard doré', NULL),
(152, 'Fourrure de rex', NULL),
(153, 'Fourrure de swakara', NULL),
(154, 'Fourrure de vison', NULL),
(155, 'Fujiflex', NULL),
(156, 'Galuchat', NULL),
(157, 'Glycérine végétale (VG', NULL),
(158, 'Glycérine', NULL),
(159, 'Glycérine végétale', NULL),
(160, 'Gomme (semelles)', NULL),
(161, 'Grenat', NULL),
(162, 'Grille métallique', NULL),
(163, 'Grès', NULL),
(164, 'Gypse', NULL),
(165, 'Huile', NULL),
(166, 'Huile de silicone', NULL),
(167, 'Huile d’Olive de Tanche', NULL),
(168, 'Hématite', NULL),
(169, 'Ikat', NULL),
(170, 'Inox', NULL),
(171, 'Jeune alpaga', NULL),
(172, 'Jeune alpaga royal', NULL),
(173, 'Jus de Citron', NULL),
(174, 'Jute', NULL),
(175, 'Kid Mohair', NULL),
(176, 'Laine', NULL),
(177, 'Laine (doublure)', NULL),
(178, 'Laine (empiècement)', NULL),
(179, 'Laine cachemire', NULL),
(180, 'Laine d\'agneau', NULL),
(181, 'Laine d\'alpaga', NULL),
(182, 'Laine de chameau', NULL),
(183, 'Laine de yack', NULL),
(184, 'Laine mohair', NULL),
(185, 'Laine mérinos', NULL),
(186, 'Laine polaire', NULL),
(187, 'Laine shetland', NULL),
(188, 'Laine vierge', NULL),
(189, 'Laine vierge (doublure)', NULL),
(190, 'Laiton', NULL),
(191, 'Laiton argenté', NULL),
(192, 'Laiton plaqué or', NULL),
(193, 'Lama', NULL),
(194, 'Lapin', NULL),
(195, 'Lin', NULL),
(196, 'Lin (doublure)', NULL),
(197, 'Liège', NULL),
(198, 'Lolite', NULL),
(199, 'Lotus', NULL),
(200, 'Lucite', NULL),
(201, 'Lurex métallique', NULL),
(202, 'Lycra', NULL),
(203, 'Lycra (doublure)', NULL),
(204, 'Lyocell', NULL),
(205, 'Magnésium', NULL),
(206, 'Maille', NULL),
(207, 'Mangue', NULL),
(208, 'Marbre', NULL),
(209, 'Marcassite', NULL),
(210, 'Mercure', NULL),
(211, 'Micro (semelles)', NULL),
(212, 'Micro cellulaire (semelles)', NULL),
(213, 'Micromodal', NULL),
(214, 'Miel', NULL),
(215, 'Miel de fleurs français', NULL),
(216, 'Miel d’acacia français', NULL),
(217, 'Mink (doublure)', NULL),
(218, 'Modacrylique', NULL),
(219, 'Modacrylique (doublure)', NULL),
(220, 'Modal', NULL),
(221, 'Modal (doublure)', NULL),
(222, 'Mohair', NULL),
(223, 'Mohair (empiècement)', NULL),
(224, 'Mousse', NULL),
(225, 'Mouton', NULL),
(226, 'Mouton (doublure)', NULL),
(227, 'Mélisse', NULL),
(228, 'Métal', NULL),
(229, 'Nacre', NULL),
(230, 'Nepeta', NULL),
(231, 'Nickel', NULL),
(232, 'Nylon', NULL),
(233, 'Nylon (doublure)', NULL),
(234, 'Nylon (empiècement)', NULL),
(235, 'Néoprène', NULL),
(236, 'Onyx', NULL),
(237, 'Opossum', NULL),
(238, 'Or', NULL),
(239, 'Or blanc', NULL),
(240, 'Or rose', NULL),
(241, 'Orange', NULL),
(242, 'PVC', NULL),
(243, 'Paille', NULL),
(244, 'Paille de sisal', NULL),
(245, 'Palladium', NULL),
(246, 'Papier', NULL),
(247, 'Papier japonais', NULL),
(248, 'Passion', NULL),
(249, 'Patine de bronze', NULL),
(250, 'Peau d\'agneau', NULL),
(251, 'Peau de cerf', NULL),
(252, 'Peau de chamois', NULL),
(253, 'Peau de chèvre', NULL),
(254, 'Peau de chèvre (doublure)', NULL),
(255, 'Peau de lapin', NULL),
(256, 'Peau de lézard', NULL),
(257, 'Peau de mouton', NULL),
(258, 'Peau de serpent', NULL),
(259, 'Peau de vache', NULL),
(260, 'Peau de vache (doublure)', NULL),
(261, 'Peau de veau', NULL),
(262, 'Peau de veau (doublure)', NULL),
(263, 'Peau retournée (agneau)', NULL),
(264, 'Peau retournée (mouton)', NULL),
(265, 'Pectine d’agrumes', NULL),
(266, 'Perles', NULL),
(267, 'Perles de verre', NULL),
(268, 'Phylon (semelles)', NULL),
(269, 'Pierre', NULL),
(270, 'Pierre de lave', NULL),
(271, 'Plaqué or et laiton doré', NULL),
(272, 'Plastique', NULL),
(273, 'Plastique (perles)', NULL),
(274, 'Plastique recyclé (APET)', NULL),
(275, 'Platine', NULL),
(276, 'Plexiglas', NULL),
(277, 'Plumes', NULL),
(278, 'Plumes (rembourrage)', NULL),
(279, 'Plumes d\'autruche', NULL),
(280, 'Plumes d\'oie (rembourrage)', NULL),
(281, 'Plumes de Faisans', NULL),
(282, 'Plumes de canard (rembourrage)', NULL),
(283, 'Plumes de dindon', NULL),
(284, 'Plumes de pintade', NULL),
(285, 'Poil de chameau (rembourrage)', NULL),
(286, 'Poivre rouge de kampot', NULL),
(287, 'Polyacrylique', NULL),
(288, 'Polyamide', NULL),
(289, 'Polyamide (bordure)', NULL),
(290, 'Polyamide (doublure)', NULL),
(291, 'Polyamide (empiècement)', NULL),
(292, 'Polycarbonate', NULL),
(293, 'Polychlorure de vinyle', NULL),
(294, 'Polyester', NULL),
(295, 'Polyester (doublure)', NULL),
(296, 'Polyester (empiècement)', NULL),
(297, 'Polyester (rembourrage)', NULL),
(298, 'Polyester recyclé', NULL),
(299, 'Polymetal', NULL),
(300, 'Polypropylène', NULL),
(301, 'Polystyrène', NULL),
(302, 'Polytétrafluoroéthylène', NULL),
(303, 'Polyurethane thermoplastique', NULL),
(304, 'Polyuréthane', NULL),
(305, 'Polyuréthane (doublure)', NULL),
(306, 'Polyuréthane Bio', NULL),
(307, 'Polyéthylène', NULL),
(308, 'Polyéthylène (doublure)', NULL),
(309, 'Polyéthylène (rembourrage)', NULL),
(310, 'Porcelaine', NULL),
(311, 'Poudre de bronze', NULL),
(312, 'Poulain', NULL),
(313, 'Prasiolite', NULL),
(314, 'Propylène glycol (PG)', NULL),
(315, 'Pyrite', NULL),
(316, 'Python', NULL),
(317, 'Quartz', NULL),
(318, 'Quartz fumé', NULL),
(319, 'Ramie', NULL),
(320, 'Ramie (doublure)', NULL),
(321, 'Raphia', NULL),
(322, 'Rat musqué', NULL),
(323, 'Raton Laveur', NULL),
(324, 'Rayonne', NULL),
(325, 'Rayonne (doublure)', NULL),
(326, 'Rayonne (empiècement)', NULL),
(327, 'Renard', NULL),
(328, 'Renard argenté', NULL),
(329, 'Renard roux', NULL),
(330, 'Rhodochrosite', NULL),
(331, 'Riz soufflé', NULL),
(332, 'Roche', NULL),
(333, 'Roseau', NULL),
(334, 'Rotin', NULL),
(335, 'Ruban à gros grain', NULL),
(336, 'Rubis', NULL),
(337, 'Résine', NULL),
(338, 'Résine de nylon', NULL),
(339, 'Résine polyuréthane', NULL),
(340, 'Saphir', NULL),
(341, 'Satin', NULL),
(342, 'Serpent ayers', NULL),
(343, 'Shearling', NULL),
(344, 'Silicone', NULL),
(345, 'Silicone (semelles)', NULL),
(346, 'Silk (empiècement)', NULL),
(347, 'Soie', NULL),
(348, 'Soie (doublure)', NULL),
(349, 'Soie (empiècements)', NULL),
(350, 'Soie Tussah', NULL),
(351, 'Soie de mûrier', NULL),
(352, 'Soie grège', NULL),
(353, 'Spandex', NULL),
(354, 'Spandex (doublure)', NULL),
(355, 'Spandex/Élasthanne', NULL),
(356, 'Strass', NULL),
(357, 'Sucre', NULL),
(358, 'Sucre de canne', NULL),
(359, 'TEX/SYN', NULL),
(360, 'TPU', NULL),
(361, 'Taffetas acétate (doublure)', NULL),
(362, 'Technique mixe', NULL),
(363, 'Teck', NULL),
(364, 'Tencel', NULL),
(365, 'Tencel (empiècement)', NULL),
(366, 'Terpènes', NULL),
(367, 'Terre cuite', NULL),
(368, 'Tissu', NULL),
(369, 'Tissu (doublure)', NULL),
(370, 'Tissu synthétique', NULL),
(371, 'Titane', NULL),
(372, 'Toile', NULL),
(373, 'Topaze', NULL),
(374, 'Triacétate', NULL),
(375, 'Vacelites', NULL),
(376, 'Vanille', NULL),
(377, 'Veau pleine fleur (garniture)', NULL),
(378, 'Veau velours', NULL),
(379, 'Velours', NULL),
(380, 'Ventile', NULL),
(381, 'Verre', NULL),
(382, 'Verre recyclé', NULL),
(383, 'Viscose', NULL),
(384, 'Viscose (bordure)', NULL),
(385, 'Viscose (doublure)', NULL),
(386, 'Viscose (empiècement)', NULL),
(387, 'Vison', NULL),
(388, 'Vitrail', NULL),
(389, 'Washi', NULL),
(390, 'Zinc', NULL),
(391, 'acrylique (empiècement)', NULL),
(392, 'polyester métalisé', NULL),
(393, 'polyvinyle', NULL),
(394, 'Élasthanne', NULL),
(395, 'Élasthanne (doublure)', NULL),
(396, 'Élastique', NULL),
(397, 'Élastomère', NULL),
(398, 'Émaille', NULL),
(399, 'Étain', NULL);

-- --------------------------------------------------------

--
-- Structure de la table `mode_acquisition`
--

DROP TABLE IF EXISTS `mode_acquisition`;
CREATE TABLE IF NOT EXISTS `mode_acquisition` (
  `id` int(11) NOT NULL AUTO_INCREMENT,
  `code_mode_aquisition` int(11) NOT NULL,
  `mode_acquisition` varchar(255) COLLATE utf8mb4_unicode_ci NOT NULL,
  PRIMARY KEY (`id`)
) ENGINE=InnoDB AUTO_INCREMENT=6 DEFAULT CHARSET=utf8mb4 COLLATE=utf8mb4_unicode_ci;

--
-- Déchargement des données de la table `mode_acquisition`
--

INSERT INTO `mode_acquisition` (`id`, `code_mode_aquisition`, `mode_acquisition`) VALUES
(1, 1, 'DEFILE'),
(2, 4, 'PRECOLLECTION'),
(3, 2, 'CONDITIONNEL'),
(4, 8, 'M. PRECIEUX'),
(5, 3, 'CONDI PRECIEU');

-- --------------------------------------------------------

--
-- Structure de la table `pays`
--

DROP TABLE IF EXISTS `pays`;
CREATE TABLE IF NOT EXISTS `pays` (
  `id` int(11) NOT NULL AUTO_INCREMENT,
  `continent_id` int(11) DEFAULT NULL,
  `pays` varchar(255) COLLATE utf8mb4_unicode_ci NOT NULL,
  PRIMARY KEY (`id`),
  KEY `IDX_349F3CAE921F4C77` (`continent_id`)
) ENGINE=InnoDB AUTO_INCREMENT=256 DEFAULT CHARSET=utf8mb4 COLLATE=utf8mb4_unicode_ci;

--
-- Déchargement des données de la table `pays`
--

INSERT INTO `pays` (`id`, `continent_id`, `pays`) VALUES
(1, NULL, 'Afghanistan'),
(2, NULL, 'Afrique du sud'),
(3, NULL, 'Albanie'),
(4, NULL, 'Algérie'),
(5, NULL, 'Allemagne'),
(6, NULL, 'Angola'),
(7, NULL, 'Anguilla'),
(8, NULL, 'Antarctique'),
(9, NULL, 'Antigua et Barbuda'),
(10, NULL, 'Antilles Néerlandaises'),
(11, NULL, 'Arabie Saoudite'),
(12, NULL, 'Argentine'),
(13, NULL, 'Arménie'),
(14, NULL, 'Aruba'),
(15, NULL, 'Australie'),
(16, NULL, 'Autriche'),
(17, NULL, 'Azerbaïdjan'),
(18, NULL, 'Bahamas'),
(19, NULL, 'Bahreïn'),
(20, NULL, 'Bangladesh'),
(21, NULL, 'Barbade'),
(22, NULL, 'Belgique'),
(23, NULL, 'Bengladesh'),
(24, NULL, 'Bermudes'),
(25, NULL, 'Bhoutan'),
(26, NULL, 'Birmanie'),
(27, NULL, 'Biélorussie'),
(28, NULL, 'Bolivie'),
(29, NULL, 'Bonaire, Saint-Eustache et Saba'),
(30, NULL, 'Bosnie-Herzégovine'),
(31, NULL, 'Botswana'),
(32, NULL, 'Brunéi Darussalam'),
(33, NULL, 'Brésil'),
(34, NULL, 'Bulgarie'),
(35, NULL, 'Burkina Faso'),
(36, NULL, 'Burundi'),
(37, NULL, 'Bénin'),
(38, NULL, 'Cachemire'),
(39, NULL, 'Cambodge'),
(40, NULL, 'Cameroun'),
(41, NULL, 'Canada'),
(42, NULL, 'Cap-Vert'),
(43, NULL, 'Chili'),
(44, NULL, 'Chine'),
(45, NULL, 'Chypre'),
(46, NULL, 'Colombie'),
(47, NULL, 'Comores'),
(48, NULL, 'Congo'),
(49, NULL, 'Corée du Sud'),
(50, NULL, 'Costa Rica'),
(51, NULL, 'Croatie'),
(52, NULL, 'Cuba'),
(53, NULL, 'Curaçao'),
(54, NULL, 'Côte d\'Ivoire'),
(55, NULL, 'Danemark'),
(56, NULL, 'Djibouti'),
(57, NULL, 'Dominique'),
(58, NULL, 'EU'),
(59, NULL, 'Ecosse'),
(60, NULL, 'Espagne'),
(61, NULL, 'Estonie'),
(62, NULL, 'Ethiopie'),
(63, NULL, 'Finlande'),
(64, NULL, 'France'),
(65, NULL, 'Fédération de Russie'),
(66, NULL, 'Gabon'),
(67, NULL, 'Gambie'),
(68, NULL, 'Georgie'),
(69, NULL, 'Ghana'),
(70, NULL, 'Gibraltar'),
(71, NULL, 'Grenade'),
(72, NULL, 'Groënland'),
(73, NULL, 'Grèce'),
(74, NULL, 'Guadeloupe'),
(75, NULL, 'Guam (É-U)'),
(76, NULL, 'Guatemala'),
(77, NULL, 'Guernesey'),
(78, NULL, 'Guinée'),
(79, NULL, 'Guinée Bissau'),
(80, NULL, 'Guinée Équatoriale'),
(81, NULL, 'Guyane'),
(82, NULL, 'Guyane Française'),
(83, NULL, 'Géorgie du Sud-et-les Îles Sandwich du Sud'),
(84, NULL, 'Haïti'),
(85, NULL, 'Honduras'),
(86, NULL, 'Hong-Kong'),
(87, NULL, 'Hongrie'),
(88, NULL, 'Inde'),
(89, NULL, 'Indonésie'),
(90, NULL, 'Irak'),
(91, NULL, 'Iran'),
(92, NULL, 'Irlande'),
(93, NULL, 'Islande'),
(94, NULL, 'Israël'),
(95, NULL, 'Italie'),
(96, NULL, 'Jamaïque'),
(97, NULL, 'Japon'),
(98, NULL, 'Jordanie'),
(99, NULL, 'Kazakhstan'),
(100, NULL, 'Kenya'),
(101, NULL, 'Kiribati'),
(102, NULL, 'Koweït'),
(103, NULL, 'Laos'),
(104, NULL, 'Le Belize'),
(105, NULL, 'Lesotho'),
(106, NULL, 'Lettonie'),
(107, NULL, 'Liban'),
(108, NULL, 'Liberia'),
(109, NULL, 'Libye'),
(110, NULL, 'Liechtenstein'),
(111, NULL, 'Lituanie'),
(112, NULL, 'Londres'),
(113, NULL, 'Luxembourg'),
(114, NULL, 'Macao'),
(115, NULL, 'Macédoine'),
(116, NULL, 'Madagascar'),
(117, NULL, 'Malaisie'),
(118, NULL, 'Malawi'),
(119, NULL, 'Maldives'),
(120, NULL, 'Mali'),
(121, NULL, 'Malte'),
(122, NULL, 'Maroc'),
(123, NULL, 'Martinique (Française)'),
(124, NULL, 'Mauritanie'),
(125, NULL, 'Mayotte'),
(126, NULL, 'Mexique'),
(127, NULL, 'Micronésie'),
(128, NULL, 'Moldavie'),
(129, NULL, 'Monaco'),
(130, NULL, 'Mongolie'),
(131, NULL, 'Montserrat'),
(132, NULL, 'Monténégro'),
(133, NULL, 'Mozambique'),
(134, NULL, 'Namibie'),
(135, NULL, 'Nauru'),
(136, NULL, 'Nicaragua'),
(137, NULL, 'Niger'),
(138, NULL, 'Nigéria'),
(139, NULL, 'Niué'),
(140, NULL, 'Norvège'),
(141, NULL, 'Nouvelle Calédonie (Française)'),
(142, NULL, 'Nouvelle-Zélande'),
(143, NULL, 'Népal'),
(144, NULL, 'Oman'),
(145, NULL, 'Ouganda'),
(146, NULL, 'Ouzbékistan'),
(147, NULL, 'Pakistan'),
(148, NULL, 'Palau'),
(149, NULL, 'Panama'),
(150, NULL, 'Papouasie-Nouvelle-Guinée'),
(151, NULL, 'Paraguay'),
(152, NULL, 'Pays-Bas'),
(153, NULL, 'Philippines'),
(154, NULL, 'Pologne'),
(155, NULL, 'Polynésie (Française)'),
(156, NULL, 'Porto Rico'),
(157, NULL, 'Portugal'),
(158, NULL, 'Principauté d\'Andorre'),
(159, NULL, 'Pérou'),
(160, NULL, 'Qatar'),
(161, NULL, 'Roumanie'),
(162, NULL, 'Royaume-Uni'),
(163, NULL, 'Rwanda'),
(164, NULL, 'République Centre-Africaine'),
(165, NULL, 'République Dominicaine'),
(166, NULL, 'République Kirghize (Kirghizistan)'),
(167, NULL, 'République démocratique du Congo'),
(168, NULL, 'République tchèque'),
(169, NULL, 'Réunion (Française)'),
(170, NULL, 'Sahara Occidental'),
(171, NULL, 'Saint Barthélémy'),
(172, NULL, 'Saint Christophe et Niévès'),
(173, NULL, 'Saint Pierre et Miquelon'),
(174, NULL, 'Saint Vincent & Grenadines'),
(175, NULL, 'Saint-Martin (partie française)'),
(176, NULL, 'Saint-Martin (partie néerlandaise)'),
(177, NULL, 'Saint-Siège (État du Vatican)'),
(178, NULL, 'Sainte Hélène'),
(179, NULL, 'Sainte-Lucie'),
(180, NULL, 'Salvador'),
(181, NULL, 'Samoa'),
(182, NULL, 'Samoa américaines'),
(183, NULL, 'San-Marin'),
(184, NULL, 'Sao Tomé et Principe'),
(185, NULL, 'Serbie'),
(186, NULL, 'Seychelles'),
(187, NULL, 'Sierra Leone'),
(188, NULL, 'Singapour'),
(189, NULL, 'Slovaquie'),
(190, NULL, 'Slovénie'),
(191, NULL, 'Somalie'),
(192, NULL, 'Soudan'),
(193, NULL, 'Sri Lanka'),
(194, NULL, 'Sud Soudan'),
(195, NULL, 'Suisse'),
(196, NULL, 'Suriname'),
(197, NULL, 'Suède'),
(198, NULL, 'Svalbard et îles Jan Mayen'),
(199, NULL, 'Swaziland'),
(200, NULL, 'Syrie'),
(201, NULL, 'Sénégal'),
(202, NULL, 'Tadjikistan'),
(203, NULL, 'Tanzanie'),
(204, NULL, 'Taïwan'),
(205, NULL, 'Tchad'),
(206, NULL, 'Terres Australes Françaises'),
(207, NULL, 'Territoire britannique de l\'océan Indien'),
(208, NULL, 'Territoire palestinien, occupé'),
(209, NULL, 'Thaïlande'),
(210, NULL, 'Timor Oriental'),
(211, NULL, 'Togo'),
(212, NULL, 'Tokelau'),
(213, NULL, 'Tonga'),
(214, NULL, 'Trinité et Tobago'),
(215, NULL, 'Tunisie'),
(216, NULL, 'Turkménistan'),
(217, NULL, 'Turquie'),
(218, NULL, 'Tuvalu'),
(219, NULL, 'USA'),
(220, NULL, 'Ukraine'),
(221, NULL, 'Uruguay'),
(222, NULL, 'Vanuatu'),
(223, NULL, 'Venezuela'),
(224, NULL, 'Vietnam'),
(225, NULL, 'Wallis et Futuna'),
(226, NULL, 'Yougoslavie'),
(227, NULL, 'Yémen'),
(228, NULL, 'Zambie'),
(229, NULL, 'Zaïre'),
(230, NULL, 'Zimbabwe'),
(231, NULL, 'Zone neutre'),
(232, NULL, 'Égypte'),
(233, NULL, 'Émirats Arabes Unis'),
(234, NULL, 'Équateur'),
(235, NULL, 'Érythrée'),
(236, NULL, 'Île Bouvet'),
(237, NULL, 'Île Christmas'),
(238, NULL, 'Île Maurice'),
(239, NULL, 'Île Norfolk'),
(240, NULL, 'Île de Man'),
(241, NULL, 'Îles Caïmans'),
(242, NULL, 'Îles Cocos (Keeling)'),
(243, NULL, 'Îles Cook'),
(244, NULL, 'Îles Fidji'),
(245, NULL, 'Îles Féroé'),
(246, NULL, 'Îles Heard et McDonald'),
(247, NULL, 'Îles Malouines'),
(248, NULL, 'Îles Mariannes du Nord'),
(249, NULL, 'Îles Marshall'),
(250, NULL, 'Îles Pitcairn'),
(251, NULL, 'Îles Salomon'),
(252, NULL, 'Îles Turques et Caïques'),
(253, NULL, 'Îles Vierges (Britaniques)'),
(254, NULL, 'Îles Vierges (USA)'),
(255, NULL, 'Îles mineures éloignées des États-Unis');

-- --------------------------------------------------------

--
-- Structure de la table `produits`
--

DROP TABLE IF EXISTS `produits`;
CREATE TABLE IF NOT EXISTS `produits` (
  `id` int(11) NOT NULL AUTO_INCREMENT,
  `produit_leclaireur_id` int(11) NOT NULL,
  `produit_fournisseur_id` int(11) NOT NULL,
  `taille_id` int(11) NOT NULL,
  `couleur_fnr_id` int(11) DEFAULT NULL,
  PRIMARY KEY (`id`),
  KEY `IDX_BE2DDF8CC909E630` (`produit_leclaireur_id`),
  KEY `IDX_BE2DDF8C649D40A` (`produit_fournisseur_id`),
  KEY `IDX_BE2DDF8CFF25611A` (`taille_id`),
  KEY `IDX_BE2DDF8CF8283906` (`couleur_fnr_id`)
) ENGINE=InnoDB DEFAULT CHARSET=utf8mb4 COLLATE=utf8mb4_unicode_ci;

-- --------------------------------------------------------

--
-- Structure de la table `produits_fournisseur`
--

DROP TABLE IF EXISTS `produits_fournisseur`;
CREATE TABLE IF NOT EXISTS `produits_fournisseur` (
  `id` int(11) NOT NULL AUTO_INCREMENT,
  `fournisseur_id` int(11) NOT NULL,
  `saison_id` int(11) NOT NULL,
  `grille_taille_id` int(11) NOT NULL,
  `reference_fournisseur` varchar(255) COLLATE utf8mb4_unicode_ci NOT NULL,
  `annee_sortie` int(11) NOT NULL,
  PRIMARY KEY (`id`),
  KEY `IDX_AB4CD5BF670C757F` (`fournisseur_id`),
  KEY `IDX_AB4CD5BFF965414C` (`saison_id`),
  KEY `IDX_AB4CD5BF6DF3F5D4` (`grille_taille_id`)
) ENGINE=InnoDB DEFAULT CHARSET=utf8mb4 COLLATE=utf8mb4_unicode_ci;

-- --------------------------------------------------------

--
-- Structure de la table `produits_leclaireur`
--

DROP TABLE IF EXISTS `produits_leclaireur`;
CREATE TABLE IF NOT EXISTS `produits_leclaireur` (
  `id` int(11) NOT NULL AUTO_INCREMENT,
  `tag_id` int(11) NOT NULL,
  `mode_acquisition_id` int(11) NOT NULL,
  `famille_5_id` int(11) DEFAULT NULL,
  `famille_6_id` int(11) DEFAULT NULL,
  `marque_update_id` int(11) DEFAULT NULL,
  `pays_origine_id` int(11) DEFAULT NULL,
  `sku` int(11) NOT NULL,
  `date_arrivee` date NOT NULL,
  `date_ajout` date NOT NULL,
  PRIMARY KEY (`id`),
  KEY `IDX_185CDE93BAD26311` (`tag_id`),
  KEY `IDX_185CDE93D9B1FE50` (`mode_acquisition_id`),
  KEY `IDX_185CDE938EE4BF67` (`famille_5_id`),
  KEY `IDX_185CDE939C511089` (`famille_6_id`),
  KEY `IDX_185CDE93ADFC272D` (`marque_update_id`),
  KEY `IDX_185CDE93A6A34A66` (`pays_origine_id`)
) ENGINE=InnoDB DEFAULT CHARSET=utf8mb4 COLLATE=utf8mb4_unicode_ci;

-- --------------------------------------------------------

--
-- Structure de la table `produits_temporaire`
--

DROP TABLE IF EXISTS `produits_temporaire`;
CREATE TABLE IF NOT EXISTS `produits_temporaire` (
  `id` int(11) NOT NULL AUTO_INCREMENT,
  `sku` int(11) NOT NULL,
  `date_arrivee` date NOT NULL,
  `code_fournisseur` varchar(255) COLLATE utf8mb4_unicode_ci NOT NULL,
  `nom_fournisseur` varchar(255) COLLATE utf8mb4_unicode_ci NOT NULL,
  `reference_fournisseur` varchar(255) COLLATE utf8mb4_unicode_ci NOT NULL,
  `code_couleur` varchar(255) COLLATE utf8mb4_unicode_ci NOT NULL,
  `reference_couleur_1` varchar(255) COLLATE utf8mb4_unicode_ci DEFAULT NULL,
  `reference_couleur_2` varchar(255) COLLATE utf8mb4_unicode_ci DEFAULT NULL,
  `code_saison` int(11) NOT NULL,
  `code_famille_1` int(11) NOT NULL,
  `libelle_famille_1` varchar(255) COLLATE utf8mb4_unicode_ci NOT NULL,
  `code_famille_2` int(11) NOT NULL,
  `libelle_famille_2` varchar(255) COLLATE utf8mb4_unicode_ci NOT NULL,
  `code_famille_3` int(11) NOT NULL,
  `libelle_famille_3` varchar(255) COLLATE utf8mb4_unicode_ci NOT NULL,
  `code_famille_4` int(11) NOT NULL,
  `libelle_famille_4` varchar(255) COLLATE utf8mb4_unicode_ci NOT NULL,
  `code_famille_5` int(11) DEFAULT NULL,
  `libelle_famille_5` varchar(255) COLLATE utf8mb4_unicode_ci DEFAULT NULL,
  `code_famille_6` int(11) DEFAULT NULL,
  `libelle_famille_6` varchar(255) COLLATE utf8mb4_unicode_ci DEFAULT NULL,
  `stock_mag_0` int(11) DEFAULT NULL,
  `stock_mag_3` int(11) DEFAULT NULL,
  `stock_mag_7` int(11) DEFAULT NULL,
  `stock_mag_9` int(11) DEFAULT NULL,
  `stock_mag_11` int(11) DEFAULT NULL,
  `stock_mag_12` int(11) DEFAULT NULL,
  `stock_mag_14` int(11) DEFAULT NULL,
  `stock_mag_18` int(11) DEFAULT NULL,
  `stock_mag_20` int(11) DEFAULT NULL,
  `stock_mag_60` int(11) DEFAULT NULL,
  `grille_taille` varchar(100) COLLATE utf8mb4_unicode_ci NOT NULL,
  `taille` varchar(100) COLLATE utf8mb4_unicode_ci NOT NULL,
  `prix_vente` double NOT NULL,
  `annee_sortie` int(11) NOT NULL,
  PRIMARY KEY (`id`)
) ENGINE=InnoDB DEFAULT CHARSET=utf8mb4 COLLATE=utf8mb4_unicode_ci;

-- --------------------------------------------------------

--
-- Structure de la table `produit_matiere`
--

DROP TABLE IF EXISTS `produit_matiere`;
CREATE TABLE IF NOT EXISTS `produit_matiere` (
  `id` int(11) NOT NULL AUTO_INCREMENT,
  `produit_id` int(11) NOT NULL,
  `matiere_id` int(11) NOT NULL,
  `pourcentage_matiere` int(11) NOT NULL,
  PRIMARY KEY (`id`),
  KEY `IDX_56EFDC33F347EFB` (`produit_id`),
  KEY `IDX_56EFDC33F46CD258` (`matiere_id`)
) ENGINE=InnoDB DEFAULT CHARSET=utf8mb4 COLLATE=utf8mb4_unicode_ci;

-- --------------------------------------------------------

--
-- Structure de la table `referencement`
--

DROP TABLE IF EXISTS `referencement`;
CREATE TABLE IF NOT EXISTS `referencement` (
  `id` int(11) NOT NULL AUTO_INCREMENT,
  `univers_ref_id` int(11) DEFAULT NULL,
  `sous_categorie_ref_id` int(11) DEFAULT NULL,
  `filtre_id` int(11) DEFAULT NULL,
  `couleur_ref_id` int(11) DEFAULT NULL,
  `pays_origine_id` int(11) DEFAULT NULL,
  `attribut_id` int(11) DEFAULT NULL,
  `coupe_id` int(11) DEFAULT NULL,
  `entretien_id` int(11) DEFAULT NULL,
  `produit_leclaireur_id` int(11) DEFAULT NULL,
  `taille_portee_mannequin_id` int(11) DEFAULT NULL,
  `date_ref` date NOT NULL,
  `nom_produit_fr` varchar(255) COLLATE utf8mb4_unicode_ci DEFAULT NULL,
  `nom_produit_en` varchar(255) COLLATE utf8mb4_unicode_ci DEFAULT NULL,
  `description_fr` varchar(255) COLLATE utf8mb4_unicode_ci DEFAULT NULL,
  `description_en` varchar(255) COLLATE utf8mb4_unicode_ci DEFAULT NULL,
  `notes` longtext COLLATE utf8mb4_unicode_ci,
  `dimension_fr` varchar(255) COLLATE utf8mb4_unicode_ci DEFAULT NULL,
  `dimension_en` varchar(255) COLLATE utf8mb4_unicode_ci DEFAULT NULL,
  `pictures` longtext COLLATE utf8mb4_unicode_ci,
  `tags_ref` longtext COLLATE utf8mb4_unicode_ci,
  PRIMARY KEY (`id`),
  KEY `IDX_83A125FE66A27768` (`univers_ref_id`),
  KEY `IDX_83A125FEE359B7AE` (`sous_categorie_ref_id`),
  KEY `IDX_83A125FECC9B96EA` (`filtre_id`),
  KEY `IDX_83A125FEC8C48852` (`couleur_ref_id`),
  KEY `IDX_83A125FEA6A34A66` (`pays_origine_id`),
  KEY `IDX_83A125FE51383AF3` (`attribut_id`),
  KEY `IDX_83A125FE717D2393` (`coupe_id`),
  KEY `IDX_83A125FE548DCEA2` (`entretien_id`),
  KEY `IDX_83A125FEC909E630` (`produit_leclaireur_id`),
  KEY `IDX_83A125FE4D65C7` (`taille_portee_mannequin_id`)
) ENGINE=InnoDB DEFAULT CHARSET=utf8mb4 COLLATE=utf8mb4_unicode_ci;

-- --------------------------------------------------------

--
-- Structure de la table `saisons`
--

DROP TABLE IF EXISTS `saisons`;
CREATE TABLE IF NOT EXISTS `saisons` (
  `id` int(11) NOT NULL AUTO_INCREMENT,
  `code_saison` int(11) NOT NULL,
  `saison` varchar(100) COLLATE utf8mb4_unicode_ci DEFAULT NULL,
  `abreviation_en` varchar(2) COLLATE utf8mb4_unicode_ci DEFAULT NULL,
  PRIMARY KEY (`id`)
) ENGINE=InnoDB AUTO_INCREMENT=3 DEFAULT CHARSET=utf8mb4 COLLATE=utf8mb4_unicode_ci;

--
-- Déchargement des données de la table `saisons`
--

INSERT INTO `saisons` (`id`, `code_saison`, `saison`, `abreviation_en`) VALUES
(1, 1, 'Printemps / Eté', 'SS'),
(2, 2, 'Automne / Hiver', 'FW');

-- --------------------------------------------------------

--
-- Structure de la table `skus_temporaire`
--

DROP TABLE IF EXISTS `skus_temporaire`;
CREATE TABLE IF NOT EXISTS `skus_temporaire` (
  `id` int(11) NOT NULL AUTO_INCREMENT,
  `sku` int(11) NOT NULL,
  `date_ajout` date NOT NULL,
  `date_arrivee` date NOT NULL,
  `univers` varchar(255) COLLATE utf8mb4_unicode_ci DEFAULT NULL,
  `marque` varchar(255) COLLATE utf8mb4_unicode_ci NOT NULL,
  `categorie` varchar(255) COLLATE utf8mb4_unicode_ci DEFAULT NULL,
  `prix_vente` double NOT NULL,
  `boissy` int(11) DEFAULT NULL,
  `sevigne` int(11) DEFAULT NULL,
  `herold` int(11) DEFAULT NULL,
  `cheneviere` int(11) DEFAULT NULL,
  `reference` int(11) DEFAULT NULL,
  `total_stock` int(11) DEFAULT NULL,
  `season` varchar(255) COLLATE utf8mb4_unicode_ci DEFAULT NULL,
  `lien` varchar(255) COLLATE utf8mb4_unicode_ci DEFAULT NULL,
  `tag` varchar(255) COLLATE utf8mb4_unicode_ci DEFAULT NULL,
  `picture` varchar(255) COLLATE utf8mb4_unicode_ci DEFAULT NULL,
  `notes` longtext COLLATE utf8mb4_unicode_ci,
  `farfetch` int(11) DEFAULT NULL,
  `sous_categorie` varchar(255) COLLATE utf8mb4_unicode_ci NOT NULL,
  `couleur_fnr` varchar(255) COLLATE utf8mb4_unicode_ci NOT NULL,
  PRIMARY KEY (`id`)
) ENGINE=InnoDB DEFAULT CHARSET=utf8mb4 COLLATE=utf8mb4_unicode_ci;

-- --------------------------------------------------------

--
-- Structure de la table `sous_categorie_fnr`
--

DROP TABLE IF EXISTS `sous_categorie_fnr`;
CREATE TABLE IF NOT EXISTS `sous_categorie_fnr` (
  `id` int(11) NOT NULL AUTO_INCREMENT,
  `code_sous_categorie` varchar(255) COLLATE utf8mb4_unicode_ci NOT NULL,
  `sous_categorie` varchar(255) COLLATE utf8mb4_unicode_ci NOT NULL,
  PRIMARY KEY (`id`)
) ENGINE=InnoDB DEFAULT CHARSET=utf8mb4 COLLATE=utf8mb4_unicode_ci;

-- --------------------------------------------------------

--
-- Structure de la table `sous_categorie_ref`
--

DROP TABLE IF EXISTS `sous_categorie_ref`;
CREATE TABLE IF NOT EXISTS `sous_categorie_ref` (
  `id` int(11) NOT NULL AUTO_INCREMENT,
  `categorie_ref_id` int(11) DEFAULT NULL,
  `sous_categorie_ref` varchar(255) COLLATE utf8mb4_unicode_ci NOT NULL,
  `sous_categorie_ref_en` varchar(255) COLLATE utf8mb4_unicode_ci DEFAULT NULL,
  PRIMARY KEY (`id`),
  KEY `IDX_7BFFA2DA791EB90` (`categorie_ref_id`)
) ENGINE=InnoDB AUTO_INCREMENT=77 DEFAULT CHARSET=utf8mb4 COLLATE=utf8mb4_unicode_ci;

--
-- Déchargement des données de la table `sous_categorie_ref`
--

INSERT INTO `sous_categorie_ref` (`id`, `categorie_ref_id`, `sous_categorie_ref`, `sous_categorie_ref_en`) VALUES
(1, 9, 'Abat-jours', 'Lamp shades'),
(2, 3, 'Appareils de cuisine', 'Kitchen appliances'),
(3, 7, 'Assiettes murales', 'Wall plates'),
(4, 10, 'Assises', 'Seating'),
(5, 1, 'Autres', 'Other'),
(6, 1, 'Autres accessoires', 'Other accessories'),
(7, 4, 'Bagues', 'Rings'),
(8, 6, 'Baskets', 'Sneakers'),
(9, 10, 'Bibliothèques', 'Bookcases'),
(10, 12, 'Blousons', 'Jackets'),
(11, 6, 'Bottes & Bottines', 'Boots & Ankle Boots'),
(12, 4, 'Boucles d\'oreilles', 'Earrings'),
(13, 5, 'Bougies parfumées', 'Scented candles'),
(14, 4, 'Boutons de manchette', 'Cufflinks'),
(15, 7, 'Boîtes', 'Boxes'),
(16, 4, 'Bracelets', 'Bracelets'),
(17, 11, 'Cabas', 'Tote Bags'),
(18, 10, 'Cabinets & Commodes', 'Cabinets & Dressers'),
(19, 2, 'Cadres', 'Frames'),
(20, 1, 'Ceintures', 'Belts'),
(21, 7, 'Cendriers', 'Ashtrays'),
(22, 5, 'Chandeliers & Bougeoirs', 'Candlesticks & Candleholders'),
(23, 1, 'Chapeaux & Bonnets', 'Hats & Beanies'),
(24, 1, 'Chaussettes', 'Socks'),
(25, 1, 'Chaussettes & Collants', 'Socks & Tights'),
(26, 6, 'Chaussures Plates', 'Flats'),
(27, 6, 'Chaussures à talons', 'High Heels'),
(28, 12, 'Chemises', 'Shirts'),
(29, 4, 'Colliers', 'Necklaces'),
(30, 12, 'Combinaisons', 'Jumpsuits'),
(31, 7, 'Corbeilles', 'Baskets & Bins'),
(32, 12, 'Costumes & Smokings', 'Suits & Tuxedos'),
(33, 7, 'Coussins', 'Pillows'),
(34, 7, 'Couvertures & Plaids', 'Blankets & Throw'),
(35, 12, 'Denim', 'Denim'),
(36, 5, 'Diffuseurs', 'Diffusers'),
(37, 1, 'Echarpes & Gants', 'Scarves & Gloves'),
(38, 12, 'Hauts', 'Tops'),
(39, 12, 'Hauts & T-shirts', 'Tops & T-shirts'),
(40, 7, 'Horloges', 'Clocks'),
(41, 12, 'Jupes', 'Skirts'),
(42, 9, 'Lampadaires', 'Floor lamps'),
(43, 9, 'Lampes de table', 'Table lamps'),
(44, 9, 'Luminaires muraux', 'Wall lights'),
(45, 1, 'Lunettes de Soleil', 'Sunglasses'),
(46, 12, 'Maillots de bain', 'Swimwear'),
(47, 12, 'Manteaux & Vestes', 'Coats & Blazer'),
(48, 7, 'Miroirs', 'Mirrors'),
(49, 4, 'Montres', 'Watches'),
(50, 3, 'Orfèvrerie', 'Gold & Silverware'),
(51, 12, 'Pantalons & Shorts', 'Trousers & Shorts'),
(52, 10, 'Paravents', 'Screens'),
(53, 1, 'Petite maroquinerie', 'Small leather goods'),
(54, 9, 'Pieds de lampe', 'Lamp bases'),
(55, 7, 'Plateaux & Tréteaux', 'Trays & Trestles'),
(56, 11, 'Pochettes', 'Clutch Bags'),
(57, 7, 'Porte-parapluies', 'Umbrella stands'),
(58, 7, 'Porte-revues & Serre-livres', 'Magazine racks & Bookends'),
(59, 5, 'Pots-pourris Cristaux & Encens', 'Potpourris Crystals & Incense'),
(60, 12, 'Pulls & Maille', 'Sweater & Knitwear'),
(61, 12, 'Robes', 'Dresses'),
(62, 11, 'Sacs ceinture', 'Belt Bags'),
(63, 11, 'Sacs à bandoulière', 'Shoulder Bags'),
(64, 11, 'Sacs à dos', 'Backpacks'),
(65, 11, 'Sacs à main', 'Handbags'),
(66, 6, 'Sandales', 'Sandals'),
(67, 2, 'Sculptures', 'Sculptures'),
(68, 9, 'Suspensions', 'Suspensions lamps'),
(69, 2, 'Tableaux', 'Paintings & Drawings'),
(70, 10, 'Tables', 'Tables'),
(71, 7, 'Tapis', 'Rugs'),
(72, 3, 'Thé & Café', 'Tea & Coffee'),
(73, 3, 'Vaisselle', 'Tableware'),
(74, 7, 'Vases', 'Vases'),
(75, 3, 'Verres', 'Drinking glasses'),
(76, 12, 'Vêtements d\'intérieur', 'Homewear');

-- --------------------------------------------------------

--
-- Structure de la table `stocks`
--

DROP TABLE IF EXISTS `stocks`;
CREATE TABLE IF NOT EXISTS `stocks` (
  `id` int(11) NOT NULL AUTO_INCREMENT,
  `magasin_id` int(11) NOT NULL,
  `produits_id` int(11) NOT NULL,
  `quantite` int(11) NOT NULL,
  PRIMARY KEY (`id`),
  KEY `IDX_56F7980520096AE3` (`magasin_id`),
  KEY `IDX_56F79805CD11A2CF` (`produits_id`)
) ENGINE=InnoDB DEFAULT CHARSET=utf8mb4 COLLATE=utf8mb4_unicode_ci;

-- --------------------------------------------------------

--
-- Structure de la table `tag`
--

DROP TABLE IF EXISTS `tag`;
CREATE TABLE IF NOT EXISTS `tag` (
  `id` int(11) NOT NULL AUTO_INCREMENT,
  `code_tag` int(11) NOT NULL,
  `tag` varchar(255) COLLATE utf8mb4_unicode_ci DEFAULT NULL,
  `description` varchar(255) COLLATE utf8mb4_unicode_ci DEFAULT NULL,
  PRIMARY KEY (`id`)
) ENGINE=InnoDB AUTO_INCREMENT=5 DEFAULT CHARSET=utf8mb4 COLLATE=utf8mb4_unicode_ci;

--
-- Déchargement des données de la table `tag`
--

INSERT INTO `tag` (`id`, `code_tag`, `tag`, `description`) VALUES
(1, 0, '', ''),
(2, 1, 'DETAGUE', ''),
(3, 2, 'INTERNET', ''),
(4, 3, 'leclaireur', '');

-- --------------------------------------------------------

--
-- Structure de la table `taille`
--

DROP TABLE IF EXISTS `taille`;
CREATE TABLE IF NOT EXISTS `taille` (
  `id` int(11) NOT NULL AUTO_INCREMENT,
  `taille` varchar(100) COLLATE utf8mb4_unicode_ci NOT NULL,
  PRIMARY KEY (`id`)
) ENGINE=InnoDB DEFAULT CHARSET=utf8mb4 COLLATE=utf8mb4_unicode_ci;

-- --------------------------------------------------------

--
-- Structure de la table `taille_ref`
--

DROP TABLE IF EXISTS `taille_ref`;
CREATE TABLE IF NOT EXISTS `taille_ref` (
  `id` int(11) NOT NULL AUTO_INCREMENT,
  `grille_taille_ref_id` int(11) DEFAULT NULL,
  `taille_ref` varchar(255) COLLATE utf8mb4_unicode_ci DEFAULT NULL,
  `stock_id` varchar(100) COLLATE utf8mb4_unicode_ci NOT NULL,
  `stock_code` varchar(50) COLLATE utf8mb4_unicode_ci DEFAULT NULL,
  PRIMARY KEY (`id`),
  KEY `IDX_82268A2BE4D38067` (`grille_taille_ref_id`)
) ENGINE=InnoDB AUTO_INCREMENT=1972 DEFAULT CHARSET=utf8mb4 COLLATE=utf8mb4_unicode_ci;

--
-- Déchargement des données de la table `taille_ref`
--

INSERT INTO `taille_ref` (`id`, `grille_taille_ref_id`, `taille_ref`, `stock_id`, `stock_code`) VALUES
(1, 1, 'FR 47', 'Bagues FRANCE_FR 47', '47'),
(2, 1, 'FR 48', 'Bagues FRANCE_FR 48', '48'),
(3, 1, 'FR 49', 'Bagues FRANCE_FR 49', '49'),
(4, 1, 'FR 50', 'Bagues FRANCE_FR 50', '50'),
(5, 1, 'FR 51', 'Bagues FRANCE_FR 51', '51'),
(6, 1, 'FR 52', 'Bagues FRANCE_FR 52', '52'),
(7, 1, 'FR 53', 'Bagues FRANCE_FR 53', '53'),
(8, 1, 'FR 54', 'Bagues FRANCE_FR 54', '54'),
(9, 1, 'FR 55', 'Bagues FRANCE_FR 55', '55'),
(10, 1, 'FR 56', 'Bagues FRANCE_FR 56', '56'),
(11, 1, 'FR 57', 'Bagues FRANCE_FR 57', '57'),
(12, 1, 'FR 58', 'Bagues FRANCE_FR 58', '58'),
(13, 1, 'FR 59', 'Bagues FRANCE_FR 59', '59'),
(14, 1, 'FR 60', 'Bagues FRANCE_FR 60', '60'),
(15, 1, 'FR 61', 'Bagues FRANCE_FR 61', '61'),
(16, 1, 'FR 62', 'Bagues FRANCE_FR 62', '62'),
(17, 1, 'FR 63', 'Bagues FRANCE_FR 63', '63'),
(18, 1, 'FR 64', 'Bagues FRANCE_FR 64', '64'),
(19, 1, 'FR 65', 'Bagues FRANCE_FR 65', '65'),
(20, 1, 'FR 66', 'Bagues FRANCE_FR 66', '66'),
(21, 1, 'FR 67', 'Bagues FRANCE_FR 67', '67'),
(22, 1, 'FR 68', 'Bagues FRANCE_FR 68', '68'),
(23, 1, 'FR 69', 'Bagues FRANCE_FR 69', '69'),
(24, 1, 'FR 70', 'Bagues FRANCE_FR 70', '70'),
(25, 1, 'FR 71', 'Bagues FRANCE_FR 71', '71'),
(26, 1, 'FR 72', 'Bagues FRANCE_FR 72', '72'),
(27, 1, 'FR 73', 'Bagues FRANCE_FR 73', '73'),
(28, 2, 'IT 10', 'Bagues ITALIE_IT 10', '10'),
(29, 2, 'IT 11', 'Bagues ITALIE_IT 11', '11'),
(30, 2, 'IT 12', 'Bagues ITALIE_IT 12', '12'),
(31, 2, 'IT 13', 'Bagues ITALIE_IT 13', '13'),
(32, 2, 'IT 14', 'Bagues ITALIE_IT 14', '14'),
(33, 2, 'IT 15', 'Bagues ITALIE_IT 15', '15'),
(34, 2, 'IT 16', 'Bagues ITALIE_IT 16', '16'),
(35, 2, 'IT 17', 'Bagues ITALIE_IT 17', '17'),
(36, 2, 'IT 18', 'Bagues ITALIE_IT 18', '18'),
(37, 2, 'IT 19', 'Bagues ITALIE_IT 19', '19'),
(38, 2, 'IT 20', 'Bagues ITALIE_IT 20', '20'),
(39, 2, 'IT 21', 'Bagues ITALIE_IT 21', '21'),
(40, 2, 'IT 22', 'Bagues ITALIE_IT 22', '22'),
(41, 2, 'IT 23', 'Bagues ITALIE_IT 23', '23'),
(42, 2, 'IT 24', 'Bagues ITALIE_IT 24', '24'),
(43, 2, 'IT 25', 'Bagues ITALIE_IT 25', '25'),
(44, 2, 'IT 26', 'Bagues ITALIE_IT 26', '26'),
(45, 2, 'IT 27', 'Bagues ITALIE_IT 27', '27'),
(46, 2, 'IT 28', 'Bagues ITALIE_IT 28', '28'),
(47, 2, 'IT 29', 'Bagues ITALIE_IT 29', '29'),
(48, 2, 'IT 30', 'Bagues ITALIE_IT 30', '30'),
(49, 2, 'IT 31', 'Bagues ITALIE_IT 31', '31'),
(50, 2, 'IT 32', 'Bagues ITALIE_IT 32', '32'),
(51, 2, 'IT 33', 'Bagues ITALIE_IT 33', '33'),
(52, 2, 'IT 7', 'Bagues ITALIE_IT 7', '7'),
(53, 2, 'IT 8', 'Bagues ITALIE_IT 8', '8'),
(54, 2, 'IT 9', 'Bagues ITALIE_IT 9', '9'),
(55, 3, 'UK I', 'Bagues ROYAUME-UNI_UK I', 'I'),
(56, 3, 'UK I½', 'Bagues ROYAUME-UNI_UK I½', NULL),
(57, 3, 'UK J½', 'Bagues ROYAUME-UNI_UK J½', NULL),
(58, 3, 'UK K', 'Bagues ROYAUME-UNI_UK K', 'K'),
(59, 3, 'UK L', 'Bagues ROYAUME-UNI_UK L', 'L'),
(60, 3, 'UK L½', 'Bagues ROYAUME-UNI_UK L½', NULL),
(61, 3, 'UK M½', 'Bagues ROYAUME-UNI_UK M½', NULL),
(62, 3, 'UK N', 'Bagues ROYAUME-UNI_UK N', 'N'),
(63, 3, 'UK O½', 'Bagues ROYAUME-UNI_UK O½', NULL),
(64, 3, 'UK P', 'Bagues ROYAUME-UNI_UK P', 'P'),
(65, 3, 'UK Q', 'Bagues ROYAUME-UNI_UK Q', 'Q'),
(66, 3, 'UK R', 'Bagues ROYAUME-UNI_UK R', 'R'),
(67, 3, 'UK R½', 'Bagues ROYAUME-UNI_UK R½', NULL),
(68, 3, 'UK S½', 'Bagues ROYAUME-UNI_UK S½', NULL),
(69, 3, 'UK S¾', 'Bagues ROYAUME-UNI_UK S¾', NULL),
(70, 3, 'UK T½', 'Bagues ROYAUME-UNI_UK T½', NULL),
(71, 3, 'UK U½', 'Bagues ROYAUME-UNI_UK U½', NULL),
(72, 3, 'UK V', 'Bagues ROYAUME-UNI_UK V', 'V'),
(73, 3, 'UK V½', 'Bagues ROYAUME-UNI_UK V½', NULL),
(74, 3, 'UK W½', 'Bagues ROYAUME-UNI_UK W½', NULL),
(75, 3, 'UK Y', 'Bagues ROYAUME-UNI_UK Y', 'Y'),
(76, 3, 'UK Z', 'Bagues ROYAUME-UNI_UK Z', 'Z'),
(77, 3, 'UK Z1', 'Bagues ROYAUME-UNI_UK Z1', 'Z1'),
(78, 3, 'UK Z2', 'Bagues ROYAUME-UNI_UK Z2', 'Z2'),
(79, 3, 'UK Z½', 'Bagues ROYAUME-UNI_UK Z½', NULL),
(80, 4, 'L', 'Bagues STANDARD_L', 'L'),
(81, 4, 'M', 'Bagues STANDARD_M', 'M'),
(82, 4, 'S', 'Bagues STANDARD_S', 'S'),
(83, 4, 'XL', 'Bagues STANDARD_XL', 'XL'),
(84, 4, 'XS', 'Bagues STANDARD_XS', 'XS'),
(85, 4, 'XXL', 'Bagues STANDARD_XXL', 'XX'),
(86, 4, 'XXS', 'Bagues STANDARD_XXS', 'XXS'),
(87, 4, 'XXXL', 'Bagues STANDARD_XXXL', 'XXX'),
(88, 4, 'XXXXL', 'Bagues STANDARD_XXXXL', 'XXXX'),
(89, 4, 'XXXXXL', 'Bagues STANDARD_XXXXXL', 'XXXXX'),
(90, 5, 'US 10', 'Bagues ÉTATS-UNIS_US 10', '10'),
(91, 5, 'US 10½', 'Bagues ÉTATS-UNIS_US 10½', NULL),
(92, 5, 'US 10¾', 'Bagues ÉTATS-UNIS_US 10¾', NULL),
(93, 5, 'US 11', 'Bagues ÉTATS-UNIS_US 11', '11'),
(94, 5, 'US 11½', 'Bagues ÉTATS-UNIS_US 11½', NULL),
(95, 5, 'US 11¾', 'Bagues ÉTATS-UNIS_US 11¾', NULL),
(96, 5, 'US 12¼', 'Bagues ÉTATS-UNIS_US 12¼', NULL),
(97, 5, 'US 12½', 'Bagues ÉTATS-UNIS_US 12½', NULL),
(98, 5, 'US 13', 'Bagues ÉTATS-UNIS_US 13', '13'),
(99, 5, 'US 13½', 'Bagues ÉTATS-UNIS_US 13½', NULL),
(100, 5, 'US 14', 'Bagues ÉTATS-UNIS_US 14', '14'),
(101, 5, 'US 14¼', 'Bagues ÉTATS-UNIS_US 14¼', NULL),
(102, 5, 'US 4¼', 'Bagues ÉTATS-UNIS_US 4¼', NULL),
(103, 5, 'US 4½', 'Bagues ÉTATS-UNIS_US 4½', NULL),
(104, 5, 'US 5', 'Bagues ÉTATS-UNIS_US 5', '5'),
(105, 5, 'US 5¼', 'Bagues ÉTATS-UNIS_US 5¼', NULL),
(106, 5, 'US 5¾', 'Bagues ÉTATS-UNIS_US 5¾', NULL),
(107, 5, 'US 6', 'Bagues ÉTATS-UNIS_US 6', '6'),
(108, 5, 'US 6½', 'Bagues ÉTATS-UNIS_US 6½', NULL),
(109, 5, 'US 6¾', 'Bagues ÉTATS-UNIS_US 6¾', NULL),
(110, 5, 'US 7¼', 'Bagues ÉTATS-UNIS_US 7¼', NULL),
(111, 5, 'US 7½', 'Bagues ÉTATS-UNIS_US 7½', NULL),
(112, 5, 'US 8', 'Bagues ÉTATS-UNIS_US 8', '8'),
(113, 5, 'US 8½', 'Bagues ÉTATS-UNIS_US 8½', NULL),
(114, 5, 'US 8¾', 'Bagues ÉTATS-UNIS_US 8¾', NULL),
(115, 5, 'US 9¼', 'Bagues ÉTATS-UNIS_US 9¼', NULL),
(116, 5, 'US 9½', 'Bagues ÉTATS-UNIS_US 9½', NULL),
(117, 6, NULL, 'Bracelets NUMERIQUE_0', NULL),
(118, 6, '1', 'Bracelets NUMERIQUE_1', '1'),
(119, 6, '2', 'Bracelets NUMERIQUE_2', '2'),
(120, 6, '3', 'Bracelets NUMERIQUE_3', '3'),
(121, 6, '4', 'Bracelets NUMERIQUE_4', '4'),
(122, 6, '5', 'Bracelets NUMERIQUE_5', '5'),
(123, 6, '6', 'Bracelets NUMERIQUE_6', '6'),
(124, 6, '7', 'Bracelets NUMERIQUE_7', '7'),
(125, 6, '8', 'Bracelets NUMERIQUE_8', '8'),
(126, 6, '9', 'Bracelets NUMERIQUE_9', '9'),
(127, 7, 'L', 'Bracelets STANDARD_L', 'L'),
(128, 7, 'M', 'Bracelets STANDARD_M', 'M'),
(129, 7, 'S', 'Bracelets STANDARD_S', 'S'),
(130, 7, 'XS', 'Bracelets STANDARD_XS', 'XS'),
(131, 8, '65', 'Ceintures CM_65', '65'),
(132, 8, '70', 'Ceintures CM_70', '70'),
(133, 8, '75', 'Ceintures CM_75', '75'),
(134, 8, '80', 'Ceintures CM_80', '80'),
(135, 8, '85', 'Ceintures CM_85', '85'),
(136, 8, '90', 'Ceintures CM_90', '90'),
(137, 8, '95', 'Ceintures CM_95', '95'),
(138, 8, '100', 'Ceintures CM_100', '100'),
(139, 8, '105', 'Ceintures CM_105', '105'),
(140, 8, '110', 'Ceintures CM_110', '110'),
(141, 8, '115', 'Ceintures CM_115', '115'),
(142, 8, '120', 'Ceintures CM_120', '120'),
(143, 9, '22/23', 'Ceintures POUCES_22/23', '22'),
(144, 9, '24/25', 'Ceintures POUCES_24/25', '24'),
(145, 9, '26/27', 'Ceintures POUCES_26/27', '26'),
(146, 9, '28/29', 'Ceintures POUCES_28/29', '28'),
(147, 9, '30/31', 'Ceintures POUCES_30/31', '30'),
(148, 9, '32/33', 'Ceintures POUCES_32/33', '32'),
(149, 9, '34/35', 'Ceintures POUCES_34/35', '34'),
(150, 9, '36/37', 'Ceintures POUCES_36/37', '36'),
(151, 9, '38/39', 'Ceintures POUCES_38/39', '38'),
(152, 9, '40/41', 'Ceintures POUCES_40/41', '40'),
(153, 9, '42/43', 'Ceintures POUCES_42/43', '42'),
(154, 10, 'L', 'Ceintures STANDARD_L', 'L'),
(155, 10, 'M', 'Ceintures STANDARD_M', 'M'),
(156, 10, 'S', 'Ceintures STANDARD_S', 'S'),
(157, 10, 'XL', 'Ceintures STANDARD_XL', 'XL'),
(158, 10, 'XS', 'Ceintures STANDARD_XS', 'XS'),
(159, 10, 'XXL', 'Ceintures STANDARD_XXL', 'XX'),
(160, 10, 'XXS', 'Ceintures STANDARD_XXS', 'XXS'),
(161, 10, 'XXXL', 'Ceintures STANDARD_XXXL', 'XXX'),
(162, 10, 'XXXS', 'Ceintures STANDARD_XXXS', 'XXXS'),
(163, 10, 'XXXXL', 'Ceintures STANDARD_XXXXL', 'XXXX'),
(164, 11, '52', 'Chapeaux EUROPE_52', '52'),
(165, 11, '53', 'Chapeaux EUROPE_53', '53'),
(166, 11, '54', 'Chapeaux EUROPE_54', '54'),
(167, 11, '55', 'Chapeaux EUROPE_55', '55'),
(168, 11, '56', 'Chapeaux EUROPE_56', '56'),
(169, 11, '57', 'Chapeaux EUROPE_57', '57'),
(170, 11, '58', 'Chapeaux EUROPE_58', '58'),
(171, 11, '59', 'Chapeaux EUROPE_59', '59'),
(172, 11, '60', 'Chapeaux EUROPE_60', '60'),
(173, 11, '61', 'Chapeaux EUROPE_61', '61'),
(174, 11, '62', 'Chapeaux EUROPE_62', '62'),
(175, 11, '63', 'Chapeaux EUROPE_63', '63'),
(176, 11, '64', 'Chapeaux EUROPE_64', '64'),
(177, 12, '6½', 'Chapeaux ROYAUME-UNI_6½', NULL),
(178, 12, '6¾', 'Chapeaux ROYAUME-UNI_6¾', NULL),
(179, 12, '6⅜', 'Chapeaux ROYAUME-UNI_6⅜', NULL),
(180, 12, '6⅝', 'Chapeaux ROYAUME-UNI_6⅝', NULL),
(181, 12, '6⅞', 'Chapeaux ROYAUME-UNI_6⅞', NULL),
(182, 12, '7', 'Chapeaux ROYAUME-UNI_7', '7'),
(183, 12, '7¼', 'Chapeaux ROYAUME-UNI_7¼', NULL),
(184, 12, '7½', 'Chapeaux ROYAUME-UNI_7½', NULL),
(185, 12, '7¾', 'Chapeaux ROYAUME-UNI_7¾', NULL),
(186, 12, '7⅛', 'Chapeaux ROYAUME-UNI_7⅛', NULL),
(187, 12, '7⅜', 'Chapeaux ROYAUME-UNI_7⅜', NULL),
(188, 12, '7⅝', 'Chapeaux ROYAUME-UNI_7⅝', NULL),
(189, 12, '7⅞', 'Chapeaux ROYAUME-UNI_7⅞', NULL),
(190, 13, 'L', 'Chapeaux STANDARD_L', 'L'),
(191, 13, 'M', 'Chapeaux STANDARD_M', 'M'),
(192, 13, 'S', 'Chapeaux STANDARD_S', 'S'),
(193, 13, 'XL', 'Chapeaux STANDARD_XL', 'XL'),
(194, 13, 'XS', 'Chapeaux STANDARD_XS', 'XS'),
(195, 13, 'XXL', 'Chapeaux STANDARD_XXL', 'XX'),
(196, 13, 'XXS', 'Chapeaux STANDARD_XXS', 'XXS'),
(197, 14, NULL, 'Chapeaux STANDARD Numérique_0', NULL),
(198, 14, '00', 'Chapeaux STANDARD Numérique_00', '00'),
(199, 14, '000', 'Chapeaux STANDARD Numérique_000', '000'),
(200, 14, '1/I', 'Chapeaux STANDARD Numérique_1/I', '1'),
(201, 14, '10/X', 'Chapeaux STANDARD Numérique_10/X', '10'),
(202, 14, '2/II', 'Chapeaux STANDARD Numérique_2/II', '2'),
(203, 14, '3/III', 'Chapeaux STANDARD Numérique_3/III', '3'),
(204, 14, '4/IV', 'Chapeaux STANDARD Numérique_4/IV', '4'),
(205, 14, '5/V', 'Chapeaux STANDARD Numérique_5/V', '5'),
(206, 14, '6/VI', 'Chapeaux STANDARD Numérique_6/VI', '6'),
(207, 14, '7/VII', 'Chapeaux STANDARD Numérique_7/VII', '7'),
(208, 14, '8/VIII', 'Chapeaux STANDARD Numérique_8/VIII', '8'),
(209, 14, '9/IX', 'Chapeaux STANDARD Numérique_9/IX', '9'),
(210, 15, '6½', 'Chapeaux ÉTATS-UNIS_6½', NULL),
(211, 15, '6¾', 'Chapeaux ÉTATS-UNIS_6¾', NULL),
(212, 15, '6⅝', 'Chapeaux ÉTATS-UNIS_6⅝', NULL),
(213, 15, '6⅞', 'Chapeaux ÉTATS-UNIS_6⅞', NULL),
(214, 15, '7', 'Chapeaux ÉTATS-UNIS_7', '7'),
(215, 15, '7¼', 'Chapeaux ÉTATS-UNIS_7¼', NULL),
(216, 15, '7½', 'Chapeaux ÉTATS-UNIS_7½', NULL),
(217, 15, '7¾', 'Chapeaux ÉTATS-UNIS_7¾', NULL),
(218, 15, '7⅛', 'Chapeaux ÉTATS-UNIS_7⅛', NULL),
(219, 15, '7⅜', 'Chapeaux ÉTATS-UNIS_7⅜', NULL),
(220, 15, '7⅝', 'Chapeaux ÉTATS-UNIS_7⅝', NULL),
(221, 15, '7⅞', 'Chapeaux ÉTATS-UNIS_7⅞', NULL),
(222, 15, '8', 'Chapeaux ÉTATS-UNIS_8', '8'),
(223, 16, NULL, 'Chaussettes STANDARD 0', NULL),
(224, 16, '00', 'Chaussettes STANDARD 00', '00'),
(225, 16, '000', 'Chaussettes STANDARD 000', '0000'),
(226, 16, '1/I', 'Chaussettes STANDARD 1/I', '1'),
(227, 16, '2/II', 'Chaussettes STANDARD 2/II', '2'),
(228, 16, '3/III', 'Chaussettes STANDARD 3/III', '3'),
(229, 16, '4/IV', 'Chaussettes STANDARD 4/IV', '4'),
(230, 16, '5/V', 'Chaussettes STANDARD 5/V', '5'),
(231, 16, '6/VI', 'Chaussettes STANDARD 6/VI', '6'),
(232, 16, '7/VII', 'Chaussettes STANDARD 7/VII', '7'),
(233, 17, 'BR 33', 'Chaussures BRÉSIL_BR 33', '33'),
(234, 17, 'BR 33,5', 'Chaussures BRÉSIL_BR 33,5', '335'),
(235, 17, 'BR 34', 'Chaussures BRÉSIL_BR 34', '34'),
(236, 17, 'BR 34,5', 'Chaussures BRÉSIL_BR 34,5', '345'),
(237, 17, 'BR 35', 'Chaussures BRÉSIL_BR 35', '35'),
(238, 17, 'BR 35,5', 'Chaussures BRÉSIL_BR 35,5', '355'),
(239, 17, 'BR 36', 'Chaussures BRÉSIL_BR 36', '36'),
(240, 17, 'BR 36,5', 'Chaussures BRÉSIL_BR 36,5', '365'),
(241, 17, 'BR 37', 'Chaussures BRÉSIL_BR 37', '37'),
(242, 17, 'BR 37,5', 'Chaussures BRÉSIL_BR 37,5', '375'),
(243, 17, 'BR 38', 'Chaussures BRÉSIL_BR 38', '38'),
(244, 17, 'BR 38,5', 'Chaussures BRÉSIL_BR 38,5', '385'),
(245, 17, 'BR 39', 'Chaussures BRÉSIL_BR 39', '39'),
(246, 17, 'BR 39,5', 'Chaussures BRÉSIL_BR 39,5', '395'),
(247, 17, 'BR 40', 'Chaussures BRÉSIL_BR 40', '40'),
(248, 17, 'BR 40,5', 'Chaussures BRÉSIL_BR 40,5', '405'),
(249, 17, 'BR 41', 'Chaussures BRÉSIL_BR 41', '41'),
(250, 17, 'BR 41,5', 'Chaussures BRÉSIL_BR 41,5', '415'),
(251, 17, 'BR 42', 'Chaussures BRÉSIL_BR 42', '42'),
(252, 17, 'BR 42,5', 'Chaussures BRÉSIL_BR 42,5', '425'),
(253, 17, 'BR 43', 'Chaussures BRÉSIL_BR 43', '43'),
(254, 17, 'BR 43,5', 'Chaussures BRÉSIL_BR 43,5', '435'),
(255, 17, 'BR 44', 'Chaussures BRÉSIL_BR 44', '44'),
(256, 17, 'BR 44,5', 'Chaussures BRÉSIL_BR 44,5', '445'),
(257, 17, 'BR 45', 'Chaussures BRÉSIL_BR 45', '45'),
(258, 18, 'CHN 34', 'Chaussures CHINE_CHN 34', '34'),
(259, 18, 'CHN 34,5', 'Chaussures CHINE_CHN 34,5', '345'),
(260, 18, 'CHN 35', 'Chaussures CHINE_CHN 35', '35'),
(261, 18, 'CHN 35,5', 'Chaussures CHINE_CHN 35,5', '355'),
(262, 18, 'CHN 36', 'Chaussures CHINE_CHN 36', '36'),
(263, 18, 'CHN 36,5', 'Chaussures CHINE_CHN 36,5', '365'),
(264, 18, 'CHN 37', 'Chaussures CHINE_CHN 37', '37'),
(265, 18, 'CHN 37,5', 'Chaussures CHINE_CHN 37,5', '375'),
(266, 18, 'CHN 38', 'Chaussures CHINE_CHN 38', '38'),
(267, 18, 'CHN 38,5', 'Chaussures CHINE_CHN 38,5', '385'),
(268, 18, 'CHN 39', 'Chaussures CHINE_CHN 39', '39'),
(269, 18, 'CHN 39,5', 'Chaussures CHINE_CHN 39,5', '395'),
(270, 18, 'CHN 40', 'Chaussures CHINE_CHN 40', '40'),
(271, 18, 'CHN 40,5', 'Chaussures CHINE_CHN 40,5', '405'),
(272, 18, 'CHN 41', 'Chaussures CHINE_CHN 41', '41'),
(273, 18, 'CHN 41,5', 'Chaussures CHINE_CHN 41,5', '415'),
(274, 18, 'CHN 42', 'Chaussures CHINE_CHN 42', '42'),
(275, 18, 'CHN 42,5', 'Chaussures CHINE_CHN 42,5', '425'),
(276, 18, 'CHN 43', 'Chaussures CHINE_CHN 43', '43'),
(277, 18, 'CHN 43,5', 'Chaussures CHINE_CHN 43,5', '435'),
(278, 18, 'CHN 44', 'Chaussures CHINE_CHN 44', '44'),
(279, 18, 'CHN 44,5', 'Chaussures CHINE_CHN 44,5', '445'),
(280, 18, 'CHN 45', 'Chaussures CHINE_CHN 45', '45'),
(281, 18, 'CHN 45,5', 'Chaussures CHINE_CHN 45,5', '455'),
(282, 18, 'CHN 46', 'Chaussures CHINE_CHN 46', '46'),
(283, 19, 'UE 37', 'Chaussures EUROPE_UE 37', '37'),
(284, 19, 'UE 37,5', 'Chaussures EUROPE_UE 37,5', '375'),
(285, 19, 'UE 38', 'Chaussures EUROPE_UE 38', '38'),
(286, 19, 'UE 38,5', 'Chaussures EUROPE_UE 38,5', '385'),
(287, 19, 'UE 39', 'Chaussures EUROPE_UE 39', '39'),
(288, 19, 'UE 39,5', 'Chaussures EUROPE_UE 39,5', '395'),
(289, 19, 'UE 40', 'Chaussures EUROPE_UE 40', '40'),
(290, 19, 'UE 40,5', 'Chaussures EUROPE_UE 40,5', '405'),
(291, 19, 'UE 41', 'Chaussures EUROPE_UE 41', '41'),
(292, 19, 'UE 41,5', 'Chaussures EUROPE_UE 41,5', '415'),
(293, 19, 'UE 42', 'Chaussures EUROPE_UE 42', '42'),
(294, 19, 'UE 42,5', 'Chaussures EUROPE_UE 42,5', '425'),
(295, 19, 'UE 43', 'Chaussures EUROPE_UE 43', '43'),
(296, 19, 'UE 43,5', 'Chaussures EUROPE_UE 43,5', '435'),
(297, 19, 'UE 44', 'Chaussures EUROPE_UE 44', '44'),
(298, 19, 'UE 44,5', 'Chaussures EUROPE_UE 44,5', '445'),
(299, 19, 'UE 45', 'Chaussures EUROPE_UE 45', '45'),
(300, 19, 'UE 45,5', 'Chaussures EUROPE_UE 45,5', '455'),
(301, 19, 'UE 46', 'Chaussures EUROPE_UE 46', '46'),
(302, 19, 'UE 46,5', 'Chaussures EUROPE_UE 46,5', '465'),
(303, 19, 'UE 47', 'Chaussures EUROPE_UE 47', '47'),
(304, 20, 'FR 35', 'Chaussures FRANCE_FR 35', '35'),
(305, 20, 'FR 35,5', 'Chaussures FRANCE_FR 35,5', '355'),
(306, 20, 'FR 36', 'Chaussures FRANCE_FR 36', '36'),
(307, 20, 'FR 36,5', 'Chaussures FRANCE_FR 36,5', '365'),
(308, 20, 'FR 37', 'Chaussures FRANCE_FR 37', '37'),
(309, 20, 'FR 37,5', 'Chaussures FRANCE_FR 37,5', '375'),
(310, 20, 'FR 38', 'Chaussures FRANCE_FR 38', '38'),
(311, 20, 'FR 38,5', 'Chaussures FRANCE_FR 38,5', '385'),
(312, 20, 'FR 39', 'Chaussures FRANCE_FR 39', '39'),
(313, 20, 'FR 39,5', 'Chaussures FRANCE_FR 39,5', '395'),
(314, 20, 'FR 40', 'Chaussures FRANCE_FR 40', '40'),
(315, 20, 'FR 40,5', 'Chaussures FRANCE_FR 40,5', '405'),
(316, 20, 'FR 41', 'Chaussures FRANCE_FR 41', '41'),
(317, 20, 'FR 41,5', 'Chaussures FRANCE_FR 41,5', '415'),
(318, 20, 'FR 42', 'Chaussures FRANCE_FR 42', '42'),
(319, 20, 'FR 42,5', 'Chaussures FRANCE_FR 42,5', '425'),
(320, 20, 'FR 43', 'Chaussures FRANCE_FR 43', '43'),
(321, 20, 'FR 43,5', 'Chaussures FRANCE_FR 43,5', '435'),
(322, 20, 'FR 44', 'Chaussures FRANCE_FR 44', '44'),
(323, 20, 'FR 44,5', 'Chaussures FRANCE_FR 44,5', '445'),
(324, 20, 'FR 45', 'Chaussures FRANCE_FR 45', '45'),
(325, 20, 'FR 45,5', 'Chaussures FRANCE_FR 45,5', '455'),
(326, 20, 'FR 46', 'Chaussures FRANCE_FR 46', '46'),
(327, 20, 'FR 46,5', 'Chaussures FRANCE_FR 46,5', '465'),
(328, 20, 'FR 47', 'Chaussures FRANCE_FR 47', '47'),
(329, 21, 'IT 34', 'Chaussures ITALIE_IT 34', '34'),
(330, 21, 'IT 34,5', 'Chaussures ITALIE_IT 34,5', '345'),
(331, 21, 'IT 35', 'Chaussures ITALIE_IT 35', '35'),
(332, 21, 'IT 35,5', 'Chaussures ITALIE_IT 35,5', '355'),
(333, 21, 'IT 36', 'Chaussures ITALIE_IT 36', '36'),
(334, 21, 'IT 36,5', 'Chaussures ITALIE_IT 36,5', '365'),
(335, 21, 'IT 37', 'Chaussures ITALIE_IT 37', '37'),
(336, 21, 'IT 37,5', 'Chaussures ITALIE_IT 37,5', '375'),
(337, 21, 'IT 38', 'Chaussures ITALIE_IT 38', '38'),
(338, 21, 'IT 38,5', 'Chaussures ITALIE_IT 38,5', '385'),
(339, 21, 'IT 39', 'Chaussures ITALIE_IT 39', '39'),
(340, 21, 'IT 39,5', 'Chaussures ITALIE_IT 39,5', '395'),
(341, 21, 'IT 40', 'Chaussures ITALIE_IT 40', '40'),
(342, 21, 'IT 40,5', 'Chaussures ITALIE_IT 40,5', '405'),
(343, 21, 'IT 41', 'Chaussures ITALIE_IT 41', '41'),
(344, 21, 'IT 41,5', 'Chaussures ITALIE_IT 41,5', '415'),
(345, 21, 'IT 42', 'Chaussures ITALIE_IT 42', '42'),
(346, 21, 'IT 42,5', 'Chaussures ITALIE_IT 42,5', '425'),
(347, 21, 'IT 43', 'Chaussures ITALIE_IT 43', '43'),
(348, 21, 'IT 43,5', 'Chaussures ITALIE_IT 43,5', '435'),
(349, 21, 'IT 44', 'Chaussures ITALIE_IT 44', '44'),
(350, 21, 'IT 44,5', 'Chaussures ITALIE_IT 44,5', '445'),
(351, 21, 'IT 45', 'Chaussures ITALIE_IT 45', '45'),
(352, 21, 'IT 45,5', 'Chaussures ITALIE_IT 45,5', '455'),
(353, 21, 'IT 46', 'Chaussures ITALIE_IT 46', '46'),
(354, 21, 'IT 46,5', 'Chaussures ITALIE_IT 46,5', '465'),
(355, 21, 'IT 47', 'Chaussures ITALIE_IT 47', '47'),
(356, 22, 'JP 20,5', 'Chaussures JAPON_JP 20,5', '205'),
(357, 22, 'JP 21', 'Chaussures JAPON_JP 21', '21'),
(358, 22, 'JP 21,5', 'Chaussures JAPON_JP 21,5', '215'),
(359, 22, 'JP 22', 'Chaussures JAPON_JP 22', '22'),
(360, 22, 'JP 22,5', 'Chaussures JAPON_JP 22,5', '225'),
(361, 22, 'JP 23', 'Chaussures JAPON_JP 23', '23'),
(362, 22, 'JP 23,5', 'Chaussures JAPON_JP 23,5', '235'),
(363, 22, 'JP 24', 'Chaussures JAPON_JP 24', '24'),
(364, 22, 'JP 24,5', 'Chaussures JAPON_JP 24,5', '245'),
(365, 22, 'JP 25', 'Chaussures JAPON_JP 25', '25'),
(366, 22, 'JP 25,5', 'Chaussures JAPON_JP 25,5', '255'),
(367, 22, 'JP 26', 'Chaussures JAPON_JP 26', '26'),
(368, 22, 'JP 26,5', 'Chaussures JAPON_JP 26,5', '265'),
(369, 22, 'JP 27', 'Chaussures JAPON_JP 27', '27'),
(370, 22, 'JP 27,5', 'Chaussures JAPON_JP 27,5', '275'),
(371, 22, 'JP 28', 'Chaussures JAPON_JP 28', '28'),
(372, 22, 'JP 28,5', 'Chaussures JAPON_JP 28,5', '285'),
(373, 22, 'JP 29', 'Chaussures JAPON_JP 29', '29'),
(374, 22, 'JP 29,5', 'Chaussures JAPON_JP 29,5', '295'),
(375, 22, 'JP 30', 'Chaussures JAPON_JP 30', '30'),
(376, 22, 'JP 30,5', 'Chaussures JAPON_JP 30,5', '305'),
(377, 22, 'JP 31', 'Chaussures JAPON_JP 31', '31'),
(378, 22, 'JP 31,5', 'Chaussures JAPON_JP 31,5', '315'),
(379, 22, 'JP 32', 'Chaussures JAPON_JP 32', '32'),
(380, 22, 'JP 32,5', 'Chaussures JAPON_JP 32,5', '325'),
(381, 22, 'JP 33', 'Chaussures JAPON_JP 33', '33'),
(382, 23, 'UK 1', 'Chaussures ROYAUME-UNI_UK 1', '1'),
(383, 23, 'UK 1,5', 'Chaussures ROYAUME-UNI_UK 1,5', '15'),
(384, 23, 'UK 10', 'Chaussures ROYAUME-UNI_UK 10', '10'),
(385, 23, 'UK 10,5', 'Chaussures ROYAUME-UNI_UK 10,5', '105'),
(386, 23, 'UK 11', 'Chaussures ROYAUME-UNI_UK 11', '11'),
(387, 23, 'UK 11,5', 'Chaussures ROYAUME-UNI_UK 11,5', '115'),
(388, 23, 'UK 12', 'Chaussures ROYAUME-UNI_UK 12', '12'),
(389, 23, 'UK 12,5', 'Chaussures ROYAUME-UNI_UK 12,5', '125'),
(390, 23, 'UK 13', 'Chaussures ROYAUME-UNI_UK 13', '13'),
(391, 23, 'UK 2', 'Chaussures ROYAUME-UNI_UK 2', '2'),
(392, 23, 'UK 2,5', 'Chaussures ROYAUME-UNI_UK 2,5', '25'),
(393, 23, 'UK 3', 'Chaussures ROYAUME-UNI_UK 3', '3'),
(394, 23, 'UK 3,5', 'Chaussures ROYAUME-UNI_UK 3,5', '35'),
(395, 23, 'UK 4', 'Chaussures ROYAUME-UNI_UK 4', '4'),
(396, 23, 'UK 4,5', 'Chaussures ROYAUME-UNI_UK 4,5', '45'),
(397, 23, 'UK 5', 'Chaussures ROYAUME-UNI_UK 5', '5'),
(398, 23, 'UK 5,5', 'Chaussures ROYAUME-UNI_UK 5,5', '55'),
(399, 23, 'UK 6', 'Chaussures ROYAUME-UNI_UK 6', '6'),
(400, 23, 'UK 6,5', 'Chaussures ROYAUME-UNI_UK 6,5', '65'),
(401, 23, 'UK 7', 'Chaussures ROYAUME-UNI_UK 7', '7'),
(402, 23, 'UK 7,5', 'Chaussures ROYAUME-UNI_UK 7,5', '75'),
(403, 23, 'UK 8', 'Chaussures ROYAUME-UNI_UK 8', '8'),
(404, 23, 'UK 8,5', 'Chaussures ROYAUME-UNI_UK 8,5', '85'),
(405, 23, 'UK 9', 'Chaussures ROYAUME-UNI_UK 9', '9'),
(406, 23, 'UK 9,5', 'Chaussures ROYAUME-UNI_UK 9,5', '95'),
(407, 24, 'US 10', 'Chaussures ÉTATS-UNIS_US 10', '10'),
(408, 24, 'US 10,5', 'Chaussures ÉTATS-UNIS_US 10,5', '105'),
(409, 24, 'US 11', 'Chaussures ÉTATS-UNIS_US 11', '11'),
(410, 24, 'US 11,5', 'Chaussures ÉTATS-UNIS_US 11,5', '115'),
(411, 24, 'US 12', 'Chaussures ÉTATS-UNIS_US 12', '12'),
(412, 24, 'US 12,5', 'Chaussures ÉTATS-UNIS_US 12,5', '125'),
(413, 24, 'US 13', 'Chaussures ÉTATS-UNIS_US 13', '13'),
(414, 24, 'US 13,5', 'Chaussures ÉTATS-UNIS_US 13,5', '135'),
(415, 24, 'US 14', 'Chaussures ÉTATS-UNIS_US 14', '14'),
(416, 24, 'US 4', 'Chaussures ÉTATS-UNIS_US 4', '4'),
(417, 24, 'US 4,5', 'Chaussures ÉTATS-UNIS_US 4,5', '45'),
(418, 24, 'US 5', 'Chaussures ÉTATS-UNIS_US 5', '5'),
(419, 24, 'US 5,5', 'Chaussures ÉTATS-UNIS_US 5,5', '55'),
(420, 24, 'US 6', 'Chaussures ÉTATS-UNIS_US 6', '6'),
(421, 24, 'US 6,5', 'Chaussures ÉTATS-UNIS_US 6,5', '65'),
(422, 24, 'US 7', 'Chaussures ÉTATS-UNIS_US 7', '7'),
(423, 24, 'US 7,5', 'Chaussures ÉTATS-UNIS_US 7,5', '75'),
(424, 24, 'US 8', 'Chaussures ÉTATS-UNIS_US 8', '8'),
(425, 24, 'US 8,5', 'Chaussures ÉTATS-UNIS_US 8,5', '85'),
(426, 24, 'US 9', 'Chaussures ÉTATS-UNIS_US 9', '9'),
(427, 24, 'US 9,5', 'Chaussures ÉTATS-UNIS_US 9,5', '95'),
(428, 25, 'COL 37', 'Chemises COL_COL 37', '37'),
(429, 25, 'COL 38', 'Chemises COL_COL 38', '38'),
(430, 25, 'COL 39', 'Chemises COL_COL 39', '39'),
(431, 25, 'COL 40', 'Chemises COL_COL 40', '40'),
(432, 25, 'COL 41', 'Chemises COL_COL 41', '41'),
(433, 25, 'COL 42', 'Chemises COL_COL 42', '42'),
(434, 25, 'COL 43', 'Chemises COL_COL 43', '43'),
(435, 25, 'COL 44', 'Chemises COL_COL 44', '44'),
(436, 26, 'COL 15', 'Chemises COL_COL 15', '15'),
(437, 26, 'COL 15,5', 'Chemises COL_COL 15,5', '155'),
(438, 26, 'COL 16', 'Chemises COL_COL 16', '16'),
(439, 26, 'COL 17', 'Chemises COL_COL 17', '17'),
(440, 26, 'COL 18', 'Chemises COL_COL 18', '18'),
(441, 26, 'COL 19', 'Chemises COL_COL 19', '19'),
(442, 26, 'COL 20', 'Chemises COL_COL 20', '20'),
(443, 26, 'COL 21', 'Chemises COL_COL 21', '21'),
(444, 26, 'COL 22', 'Chemises COL_COL 22', '22'),
(445, 27, '10Y', 'Enfant_10Y', '10'),
(446, 27, '12M', 'Enfant_12M', '12'),
(447, 27, '12Y', 'Enfant_12Y', '12'),
(448, 27, '18M', 'Enfant_18M', '18'),
(449, 27, '2Y', 'Enfant_2Y', '2'),
(450, 27, '3M', 'Enfant_3M', '3'),
(451, 27, '3Y', 'Enfant_3Y', '3'),
(452, 27, '4Y', 'Enfant_4Y', '4'),
(453, 27, '6M', 'Enfant_6M', '6'),
(454, 27, '6Y', 'Enfant_6Y', '6'),
(455, 27, '8Y', 'Enfant_8Y', '8'),
(456, 27, '9M', 'Enfant_9M', '9'),
(457, 28, '6', 'Gants POUCES_6', '6'),
(458, 28, '6.5', 'Gants POUCES_6.5', '65'),
(459, 28, '7', 'Gants POUCES_7', '7'),
(460, 28, '7.5', 'Gants POUCES_7.5', '75'),
(461, 28, '8', 'Gants POUCES_8', '8'),
(462, 28, '8.5', 'Gants POUCES_8.5', '85'),
(463, 28, '9', 'Gants POUCES_9', '9'),
(464, 28, '9.5', 'Gants POUCES_9.5', '95'),
(465, 28, '10', 'Gants POUCES_10', '10'),
(466, 28, '10.5', 'Gants POUCES_10.5', '105'),
(467, 28, '11', 'Gants POUCES_11', '11'),
(468, 28, '11.5', 'Gants POUCES_11.5', '115'),
(469, 28, '12', 'Gants POUCES_12', '12'),
(470, 29, 'L', 'Gants STANDARD_L', 'L'),
(471, 29, 'M', 'Gants STANDARD_M', 'M'),
(472, 29, 'S', 'Gants STANDARD_S', 'S'),
(473, 29, 'XL', 'Gants STANDARD_XL', 'XL'),
(474, 29, 'XS', 'Gants STANDARD_XS', 'XS'),
(475, 29, 'XXL', 'Gants STANDARD_XXL', 'XX'),
(476, 30, '22', 'Jeans_22', '22'),
(477, 30, '23', 'Jeans_23', '23'),
(478, 30, '24', 'Jeans_24', '24'),
(479, 30, '25', 'Jeans_25', '25'),
(480, 30, '26', 'Jeans_26', '26'),
(481, 30, '27', 'Jeans_27', '27'),
(482, 30, '28', 'Jeans_28', '28'),
(483, 30, '29', 'Jeans_29', '29'),
(484, 30, '30', 'Jeans_30', '30'),
(485, 30, '31', 'Jeans_31', '31'),
(486, 30, '32', 'Jeans_32', '32'),
(487, 30, '33', 'Jeans_33', '33'),
(488, 30, '34', 'Jeans_34', '34'),
(489, 30, '35', 'Jeans_35', '35'),
(490, 30, '36', 'Jeans_36', '36'),
(491, 30, '37', 'Jeans_37', '37'),
(492, 30, '38', 'Jeans_38', '38'),
(493, 30, '39', 'Jeans_39', '39'),
(494, 30, '40', 'Jeans_40', '40'),
(495, 30, '41', 'Jeans_41', '41'),
(496, 31, '40', 'Lunettes MM_40', '40'),
(497, 31, '41', 'Lunettes MM_41', '41'),
(498, 31, '42', 'Lunettes MM_42', '42'),
(499, 31, '43', 'Lunettes MM_43', '43'),
(500, 31, '44', 'Lunettes MM_44', '44'),
(501, 31, '45', 'Lunettes MM_45', '45'),
(502, 31, '46', 'Lunettes MM_46', '46'),
(503, 31, '47', 'Lunettes MM_47', '47'),
(504, 31, '48', 'Lunettes MM_48', '48'),
(505, 31, '49', 'Lunettes MM_49', '49'),
(506, 31, '50', 'Lunettes MM_50', '50'),
(507, 31, '51', 'Lunettes MM_51', '51'),
(508, 31, '52', 'Lunettes MM_52', '52'),
(509, 31, '53', 'Lunettes MM_53', '53'),
(510, 31, '54', 'Lunettes MM_54', '54'),
(511, 31, '55', 'Lunettes MM_55', '55'),
(512, 31, '56', 'Lunettes MM_56', '56'),
(513, 31, '57', 'Lunettes MM_57', '57'),
(514, 31, '58', 'Lunettes MM_58', '58'),
(515, 31, '59', 'Lunettes MM_59', '59'),
(516, 31, '60', 'Lunettes MM_60', '60'),
(517, 31, '61', 'Lunettes MM_61', '61'),
(518, 31, '62', 'Lunettes MM_62', '62'),
(519, 31, '63', 'Lunettes MM_63', '63'),
(520, 31, '64', 'Lunettes MM_64', '64'),
(521, 32, 'L', 'Lunettes STANDARD_L', 'L'),
(522, 32, 'M', 'Lunettes STANDARD_M', 'M'),
(523, 32, 'S', 'Lunettes STANDARD_S', 'S'),
(524, 32, 'XL', 'Lunettes STANDARD_XL', 'XL'),
(525, 32, 'XS', 'Lunettes STANDARD_XS', 'XS'),
(526, 32, 'XXS', 'Lunettes STANDARD_XXS', 'XXS'),
(527, 32, 'XXXS', 'Lunettes STANDARD_XXXS', 'XXXS'),
(528, 33, '34', 'MM-A_34', '34'),
(529, 33, '36', 'MM-A_36', '36'),
(530, 33, '38', 'MM-A_38', '38'),
(531, 33, '40', 'MM-A_40', '40'),
(532, 33, '42', 'MM-A_42', '42'),
(533, 33, '44', 'MM-A_44', '44'),
(534, 33, '46', 'MM-A_46', '46'),
(535, 33, '48', 'MM-A_48', '48'),
(536, 34, 'L', 'MM-B_L', 'L'),
(537, 34, 'M', 'MM-B_M', 'M'),
(538, 34, 'S', 'MM-B_S', 'S'),
(539, 34, 'XL', 'MM-B_XL', 'XL'),
(540, 34, 'XS', 'MM-B_XS', 'XS'),
(541, 34, 'XX', 'MM-B_XX', 'XX'),
(542, 34, 'XXS', 'MM-B_XXS', 'XXS'),
(543, 34, 'XXX', 'MM-B_XXX', 'XXX'),
(544, 35, '5', 'MM-C_5', '5'),
(545, 35, '6', 'MM-C_6', '6'),
(546, 35, '7', 'MM-C_7', '7'),
(547, 35, '8', 'MM-C_8', '8'),
(548, 35, '45', 'MM-C_45', '45'),
(549, 35, '55', 'MM-C_55', '55'),
(550, 35, '65', 'MM-C_65', '65'),
(551, 35, '75', 'MM-C_75', '75'),
(552, 36, '5', 'MM-CD_5', '5'),
(553, 36, '6', 'MM-CD_6', '6'),
(554, 36, '7', 'MM-CD_7', '7'),
(555, 36, '8', 'MM-CD_8', '8'),
(556, 36, '9', 'MM-CD_9', '9'),
(557, 36, '10', 'MM-CD_10', '10'),
(558, 36, '45', 'MM-CD_45', '45'),
(559, 36, '55', 'MM-CD_55', '55'),
(560, 36, '65', 'MM-CD_65', '65'),
(561, 36, '75', 'MM-CD_75', '75'),
(562, 36, '85', 'MM-CD_85', '85'),
(563, 36, '95', 'MM-CD_95', '95'),
(564, 36, '105', 'MM-CD_105', '105'),
(565, 37, '5', 'MM-CDI_5', '5'),
(566, 37, '6', 'MM-CDI_6', '6'),
(567, 37, '7', 'MM-CDI_7', '7'),
(568, 37, '8', 'MM-CDI_8', '8'),
(569, 37, '9', 'MM-CDI_9', '9'),
(570, 37, '10', 'MM-CDI_10', '10'),
(571, 37, '11', 'MM-CDI_11', '11'),
(572, 37, '12', 'MM-CDI_12', '12'),
(573, 37, '45', 'MM-CDI_45', '45'),
(574, 37, '55', 'MM-CDI_55', '55'),
(575, 37, '65', 'MM-CDI_65', '65'),
(576, 37, '75', 'MM-CDI_75', '75'),
(577, 37, '85', 'MM-CDI_85', '85'),
(578, 37, '95', 'MM-CDI_95', '95'),
(579, 37, '105', 'MM-CDI_105', '105'),
(580, 38, '5', 'MM-CDV_5', '5'),
(581, 38, '6', 'MM-CDV_6', '6'),
(582, 38, '7', 'MM-CDV_7', '7'),
(583, 38, '8', 'MM-CDV_8', '8'),
(584, 38, '9', 'MM-CDV_9', '9'),
(585, 38, '10', 'MM-CDV_10', '10'),
(586, 38, '11', 'MM-CDV_11', '11'),
(587, 38, '45', 'MM-CDV_45', '45'),
(588, 38, '55', 'MM-CDV_55', '55'),
(589, 38, '65', 'MM-CDV_65', '65'),
(590, 38, '75', 'MM-CDV_75', '75'),
(591, 38, '85', 'MM-CDV_85', '85'),
(592, 38, '95', 'MM-CDV_95', '95'),
(593, 38, '105', 'MM-CDV_105', '105'),
(594, 38, '115', 'MM-CDV_115', '115'),
(595, 38, '120', 'MM-CDV_120', '120'),
(596, 38, '125', 'MM-CDV_125', '125'),
(597, 39, '5', 'MM-CDX_5', '5'),
(598, 39, '6', 'MM-CDX_6', '6'),
(599, 39, '7', 'MM-CDX_7', '7'),
(600, 39, '8', 'MM-CDX_8', '8'),
(601, 39, '9', 'MM-CDX_9', '9'),
(602, 39, '10', 'MM-CDX_10', '10'),
(603, 39, '11', 'MM-CDX_11', '11'),
(604, 39, '12', 'MM-CDX_12', '12'),
(605, 39, '13', 'MM-CDX_13', '13'),
(606, 39, '14', 'MM-CDX_14', '14'),
(607, 39, '15', 'MM-CDX_15', '15'),
(608, 39, '16', 'MM-CDX_16', '16'),
(609, 39, '45', 'MM-CDX_45', '45'),
(610, 39, '55', 'MM-CDX_55', '55'),
(611, 39, '65', 'MM-CDX_65', '65'),
(612, 39, '75', 'MM-CDX_75', '75'),
(613, 39, '85', 'MM-CDX_85', '85'),
(614, 39, '95', 'MM-CDX_95', '95'),
(615, 39, '105', 'MM-CDX_105', '105'),
(616, 40, '5', 'MM-CI_5', '5'),
(617, 40, '6', 'MM-CI_6', '6'),
(618, 40, '7', 'MM-CI_7', '7'),
(619, 40, '8', 'MM-CI_8', '8'),
(620, 40, '9', 'MM-CI_9', '9'),
(621, 40, '10', 'MM-CI_10', '10'),
(622, 40, '11', 'MM-CI_11', '11'),
(623, 40, '12', 'MM-CI_12', '12'),
(624, 40, '45', 'MM-CI_45', '45'),
(625, 40, '55', 'MM-CI_55', '55'),
(626, 40, '65', 'MM-CI_65', '65'),
(627, 40, '75', 'MM-CI_75', '75'),
(628, 41, '7', 'MM-D_7', '7'),
(629, 41, '8', 'MM-D_8', '8'),
(630, 41, '9', 'MM-D_9', '9'),
(631, 41, '10', 'MM-D_10', '10'),
(632, 41, '75', 'MM-D_75', '75'),
(633, 41, '85', 'MM-D_85', '85'),
(634, 41, '95', 'MM-D_95', '95'),
(635, 41, '105', 'MM-D_105', '105'),
(636, 42, '7', 'MM-DI_7', '7'),
(637, 42, '8', 'MM-DI_8', '8'),
(638, 42, '9', 'MM-DI_9', '9'),
(639, 42, '10', 'MM-DI_10', '10'),
(640, 42, '11', 'MM-DI_11', '11'),
(641, 42, '12', 'MM-DI_12', '12'),
(642, 42, '75', 'MM-DI_75', '75'),
(643, 42, '85', 'MM-DI_85', '85'),
(644, 42, '95', 'MM-DI_95', '95'),
(645, 42, '105', 'MM-DI_105', '105'),
(646, 43, '7', 'MM-DV_7', '7'),
(647, 43, '8', 'MM-DV_8', '8'),
(648, 43, '9', 'MM-DV_9', '9'),
(649, 43, '10', 'MM-DV_10', '10'),
(650, 43, '11', 'MM-DV_11', '11'),
(651, 43, '12', 'MM-DV_12', '12'),
(652, 43, '75', 'MM-DV_75', '75'),
(653, 43, '85', 'MM-DV_85', '85'),
(654, 43, '95', 'MM-DV_95', '95'),
(655, 43, '105', 'MM-DV_105', '105'),
(656, 43, '115', 'MM-DV_115', '115'),
(657, 43, '125', 'MM-DV_125', '125'),
(658, 44, '00', 'MM-E_00', NULL),
(659, 44, '05', 'MM-E_05', '5'),
(660, 44, '7', 'MM-E_7', '7'),
(661, 44, '8', 'MM-E_8', '8'),
(662, 44, '9', 'MM-E_9', '9'),
(663, 44, '75', 'MM-E_75', '75'),
(664, 44, '85', 'MM-E_85', '85'),
(665, 44, '95', 'MM-E_95', '95'),
(666, 45, '40', 'MM-F_40', '40'),
(667, 45, '42', 'MM-F_42', '42'),
(668, 45, '44', 'MM-F_44', '44'),
(669, 45, '46', 'MM-F_46', '46'),
(670, 45, '48', 'MM-F_48', '48'),
(671, 45, '50', 'MM-F_50', '50'),
(672, 45, '52', 'MM-F_52', '52'),
(673, 45, '54', 'MM-F_54', '54'),
(674, 46, '15', 'MM-FJ_15', '15'),
(675, 46, '16', 'MM-FJ_16', '16'),
(676, 46, '17', 'MM-FJ_17', '17'),
(677, 46, '40', 'MM-FJ_40', '40'),
(678, 46, '42', 'MM-FJ_42', '42'),
(679, 46, '44', 'MM-FJ_44', '44'),
(680, 46, '46', 'MM-FJ_46', '46'),
(681, 46, '48', 'MM-FJ_48', '48'),
(682, 46, '50', 'MM-FJ_50', '50'),
(683, 46, '52', 'MM-FJ_52', '52'),
(684, 46, '54', 'MM-FJ_54', '54'),
(685, 46, '56', 'MM-FJ_56', '56'),
(686, 46, '58', 'MM-FJ_58', '58'),
(687, 46, '155', 'MM-FJ_155', '155'),
(688, 46, '165', 'MM-FJ_165', '165'),
(689, 46, '175', 'MM-FJ_175', '175'),
(690, 47, '40', 'MM-FY_40', '40'),
(691, 47, '42', 'MM-FY_42', '42'),
(692, 47, '44', 'MM-FY_44', '44'),
(693, 47, '46', 'MM-FY_46', '46'),
(694, 47, '48', 'MM-FY_48', '48'),
(695, 47, '50', 'MM-FY_50', '50'),
(696, 47, '52', 'MM-FY_52', '52'),
(697, 47, '54', 'MM-FY_54', '54'),
(698, 47, '55', 'MM-FY_55', '55'),
(699, 47, '56', 'MM-FY_56', '56'),
(700, 47, '57', 'MM-FY_57', '57'),
(701, 47, '58', 'MM-FY_58', '58'),
(702, 47, '59', 'MM-FY_59', '59'),
(703, 47, '60', 'MM-FY_60', '60'),
(704, 47, '61', 'MM-FY_61', '61'),
(705, 47, '62', 'MM-FY_62', '62'),
(706, 48, NULL, 'MM-G_0', NULL),
(707, 48, 'TU', 'MM-G_TU', 'TU'),
(708, 49, NULL, 'MM-GB_0', NULL),
(709, 49, 'L', 'MM-GB_L', 'L'),
(710, 49, 'M', 'MM-GB_M', 'M'),
(711, 49, 'S', 'MM-GB_S', 'S'),
(712, 49, 'TU', 'MM-GB_TU', 'TU'),
(713, 49, 'XL', 'MM-GB_XL', 'XL'),
(714, 49, 'XS', 'MM-GB_XS', 'XS'),
(715, 49, 'XX', 'MM-GB_XX', 'XX'),
(716, 49, 'XXS', 'MM-GB_XXS', 'XXS'),
(717, 49, 'XXX', 'MM-GB_XXX', 'XXX'),
(718, 50, NULL, 'MM-GH_0', NULL),
(719, 50, '1', 'MM-GH_1', '1'),
(720, 50, '2', 'MM-GH_2', '2'),
(721, 50, '3', 'MM-GH_3', '3'),
(722, 50, '4', 'MM-GH_4', '4'),
(723, 50, '5', 'MM-GH_5', '5'),
(724, 50, '6', 'MM-GH_6', '6'),
(725, 50, '35', 'MM-GH_35', '35'),
(726, 50, '355', 'MM-GH_355', '355'),
(727, 50, 'TU', 'MM-GH_TU', 'TU'),
(728, 51, NULL, 'MM-GN_0', NULL),
(729, 51, '2', 'MM-GN_2', '2'),
(730, 51, '4', 'MM-GN_4', '4'),
(731, 51, '6', 'MM-GN_6', '6'),
(732, 51, '8', 'MM-GN_8', '8'),
(733, 51, '10', 'MM-GN_10', '10'),
(734, 51, '12', 'MM-GN_12', '12'),
(735, 51, '14', 'MM-GN_14', '14'),
(736, 51, '16', 'MM-GN_16', '16'),
(737, 51, 'TU', 'MM-GN_TU', 'TU'),
(738, 52, NULL, 'MM-GV_0', NULL),
(739, 52, '11', 'MM-GV_11', '11'),
(740, 52, '12', 'MM-GV_12', '12'),
(741, 52, '115', 'MM-GV_115', '115'),
(742, 52, '125', 'MM-GV_125', '125'),
(743, 52, 'TU', 'MM-GV_TU', 'TU'),
(744, 53, '1', 'MM-H_1', '1'),
(745, 53, '2', 'MM-H_2', '2'),
(746, 53, '3', 'MM-H_3', '3'),
(747, 53, '4', 'MM-H_4', '4'),
(748, 53, '5', 'MM-H_5', '5'),
(749, 53, '6', 'MM-H_6', '6'),
(750, 53, '35', 'MM-H_35', '35'),
(751, 53, '355', 'MM-H_355', '355'),
(752, 54, '1', 'MM-HC_1', '1'),
(753, 54, '2', 'MM-HC_2', '2'),
(754, 54, '3', 'MM-HC_3', '3'),
(755, 54, '4', 'MM-HC_4', '4'),
(756, 54, '5', 'MM-HC_5', '5'),
(757, 54, '6', 'MM-HC_6', '6'),
(758, 54, '7', 'MM-HC_7', '7'),
(759, 54, '8', 'MM-HC_8', '8'),
(760, 54, '35', 'MM-HC_35', '35'),
(761, 54, '45', 'MM-HC_45', '45'),
(762, 54, '55', 'MM-HC_55', '55'),
(763, 54, '65', 'MM-HC_65', '65'),
(764, 54, '75', 'MM-HC_75', '75'),
(765, 54, '355', 'MM-HC_355', '355'),
(766, 55, NULL, 'MM-HG_0', NULL),
(767, 55, '1', 'MM-HG_1', '1'),
(768, 55, '2', 'MM-HG_2', '2'),
(769, 55, '3', 'MM-HG_3', '3'),
(770, 55, '4', 'MM-HG_4', '4'),
(771, 55, '5', 'MM-HG_5', '5'),
(772, 55, '6', 'MM-HG_6', '6'),
(773, 55, '35', 'MM-HG_35', '35'),
(774, 55, '355', 'MM-HG_355', '355'),
(775, 55, 'TU', 'MM-HG_TU', 'TU'),
(776, 56, '1', 'MM-HI_1', '1'),
(777, 56, '2', 'MM-HI_2', '2'),
(778, 56, '3', 'MM-HI_3', '3'),
(779, 56, '4', 'MM-HI_4', '4'),
(780, 56, '5', 'MM-HI_5', '5'),
(781, 56, '6', 'MM-HI_6', '6'),
(782, 56, '7', 'MM-HI_7', '7'),
(783, 56, '8', 'MM-HI_8', '8'),
(784, 56, '9', 'MM-HI_9', '9'),
(785, 56, '10', 'MM-HI_10', '10'),
(786, 56, '11', 'MM-HI_11', '11'),
(787, 56, '12', 'MM-HI_12', '12'),
(788, 56, '35', 'MM-HI_35', '35'),
(789, 56, '355', 'MM-HI_355', '355'),
(790, 57, '1', 'MM-HU_1', '1'),
(791, 57, '2', 'MM-HU_2', '2'),
(792, 57, '3', 'MM-HU_3', '3'),
(793, 57, '4', 'MM-HU_4', '4'),
(794, 57, '5', 'MM-HU_5', '5'),
(795, 57, '6', 'MM-HU_6', '6'),
(796, 57, '35', 'MM-HU_35', '35'),
(797, 57, '36', 'MM-HU_36', '36'),
(798, 57, '37', 'MM-HU_37', '37'),
(799, 57, '38', 'MM-HU_38', '38'),
(800, 57, '39', 'MM-HU_39', '39'),
(801, 57, '355', 'MM-HU_355', '355'),
(802, 57, '365', 'MM-HU_365', '365'),
(803, 57, '385', 'MM-HU_385', '385'),
(804, 57, '395', 'MM-HU_395', '395'),
(805, 58, '1', 'MM-HUM_1', '1'),
(806, 58, '2', 'MM-HUM_2', '2'),
(807, 58, '3', 'MM-HUM_3', '3'),
(808, 58, '4', 'MM-HUM_4', '4'),
(809, 58, '5', 'MM-HUM_5', '5'),
(810, 58, '6', 'MM-HUM_6', '6'),
(811, 58, '35', 'MM-HUM_35', '35'),
(812, 58, '36', 'MM-HUM_36', '36'),
(813, 58, '37', 'MM-HUM_37', '37'),
(814, 58, '38', 'MM-HUM_38', '38'),
(815, 58, '39', 'MM-HUM_39', '39'),
(816, 58, '40', 'MM-HUM_40', '40'),
(817, 58, '41', 'MM-HUM_41', '41'),
(818, 58, '42', 'MM-HUM_42', '42'),
(819, 58, '43', 'MM-HUM_43', '43'),
(820, 58, '355', 'MM-HUM_355', '355'),
(821, 58, '365', 'MM-HUM_365', '365'),
(822, 58, '385', 'MM-HUM_385', '385'),
(823, 58, '395', 'MM-HUM_395', '395'),
(824, 58, '405', 'MM-HUM_405', '405'),
(825, 58, '415', 'MM-HUM_415', '415'),
(826, 58, '425', 'MM-HUM_425', '425'),
(827, 58, '435', 'MM-HUM_435', '435'),
(828, 59, '6', 'MM-I_6', '6'),
(829, 59, '7', 'MM-I_7', '7'),
(830, 59, '8', 'MM-I_8', '8'),
(831, 59, '9', 'MM-I_9', '9'),
(832, 59, '10', 'MM-I_10', '10'),
(833, 59, '11', 'MM-I_11', '11'),
(834, 59, '12', 'MM-I_12', '12'),
(835, 60, '1', 'MM-IM_1', '1'),
(836, 60, '2', 'MM-IM_2', '2'),
(837, 60, '3', 'MM-IM_3', '3'),
(838, 60, '4', 'MM-IM_4', '4'),
(839, 60, '5', 'MM-IM_5', '5'),
(840, 60, '6', 'MM-IM_6', '6'),
(841, 60, '35', 'MM-IM_35', '35'),
(842, 60, '40', 'MM-IM_40', '40'),
(843, 60, '41', 'MM-IM_41', '41'),
(844, 60, '42', 'MM-IM_42', '42'),
(845, 60, '43', 'MM-IM_43', '43'),
(846, 60, '355', 'MM-IM_355', '355'),
(847, 60, '405', 'MM-IM_405', '405'),
(848, 60, '415', 'MM-IM_415', '415'),
(849, 60, '425', 'MM-IM_425', '425'),
(850, 60, '435', 'MM-IM_435', '435'),
(851, 61, '15', 'MM-J_15', '15'),
(852, 61, '16', 'MM-J_16', '16'),
(853, 61, '17', 'MM-J_17', '17'),
(854, 61, '56', 'MM-J_56', '56'),
(855, 61, '58', 'MM-J_58', '58'),
(856, 61, '155', 'MM-J_155', '155'),
(857, 61, '165', 'MM-J_165', '165'),
(858, 61, '175', 'MM-J_175', '175'),
(859, 62, '37', 'MM-K_37', '37'),
(860, 62, '38', 'MM-K_38', '38'),
(861, 62, '39', 'MM-K_39', '39'),
(862, 62, '40', 'MM-K_40', '40'),
(863, 62, '41', 'MM-K_41', '41'),
(864, 62, '42', 'MM-K_42', '42'),
(865, 62, '43', 'MM-K_43', '43'),
(866, 62, '44', 'MM-K_44', '44'),
(867, 63, '37', 'MM-KL_37', '37'),
(868, 63, '38', 'MM-KL_38', '38'),
(869, 63, '39', 'MM-KL_39', '39'),
(870, 63, '40', 'MM-KL_40', '40'),
(871, 63, '41', 'MM-KL_41', '41'),
(872, 63, '42', 'MM-KL_42', '42'),
(873, 63, '43', 'MM-KL_43', '43'),
(874, 63, '44', 'MM-KL_44', '44'),
(875, 63, '45', 'MM-KL_45', '45'),
(876, 63, '46', 'MM-KL_46', '46'),
(877, 64, '37', 'MM-Ka_37', '37'),
(878, 64, '38', 'MM-Ka_38', '38'),
(879, 64, '39', 'MM-Ka_39', '39'),
(880, 64, '40', 'MM-Ka_40', '40'),
(881, 64, '41', 'MM-Ka_41', '41'),
(882, 64, '42', 'MM-Ka_42', '42'),
(883, 64, '43', 'MM-Ka_43', '43'),
(884, 64, '44', 'MM-Ka_44', '44'),
(885, 64, '50', 'MM-Ka_50', '50'),
(886, 64, '51', 'MM-Ka_51', '51'),
(887, 64, '52', 'MM-Ka_52', '52'),
(888, 64, '53', 'MM-Ka_53', '53'),
(889, 64, '54', 'MM-Ka_54', '54'),
(890, 64, '55', 'MM-Ka_55', '55'),
(891, 64, '56', 'MM-Ka_56', '56'),
(892, 64, '57', 'MM-Ka_57', '57'),
(893, 65, '39', 'MM-L_39', '39'),
(894, 65, '40', 'MM-L_40', '40'),
(895, 65, '41', 'MM-L_41', '41'),
(896, 65, '42', 'MM-L_42', '42'),
(897, 65, '43', 'MM-L_43', '43'),
(898, 65, '44', 'MM-L_44', '44'),
(899, 65, '45', 'MM-L_45', '45'),
(900, 65, '46', 'MM-L_46', '46'),
(901, 66, '39', 'MM-LM_39', '39'),
(902, 66, '40', 'MM-LM_40', '40'),
(903, 66, '41', 'MM-LM_41', '41'),
(904, 66, '42', 'MM-LM_42', '42'),
(905, 66, '43', 'MM-LM_43', '43'),
(906, 66, '44', 'MM-LM_44', '44'),
(907, 66, '45', 'MM-LM_45', '45'),
(908, 66, '46', 'MM-LM_46', '46'),
(909, 66, '405', 'MM-LM_405', '405'),
(910, 66, '415', 'MM-LM_415', '415'),
(911, 66, '425', 'MM-LM_425', '425'),
(912, 66, '435', 'MM-LM_435', '435'),
(913, 67, '40', 'MM-M_40', '40'),
(914, 67, '41', 'MM-M_41', '41'),
(915, 67, '42', 'MM-M_42', '42'),
(916, 67, '43', 'MM-M_43', '43'),
(917, 67, '405', 'MM-M_405', '405'),
(918, 67, '415', 'MM-M_415', '415'),
(919, 67, '425', 'MM-M_425', '425'),
(920, 67, '435', 'MM-M_435', '435'),
(921, 68, '37', 'MM-MK_37', '37'),
(922, 68, '38', 'MM-MK_38', '38'),
(923, 68, '39', 'MM-MK_39', '39'),
(924, 68, '40', 'MM-MK_40', '40'),
(925, 68, '41', 'MM-MK_41', '41'),
(926, 68, '42', 'MM-MK_42', '42'),
(927, 68, '43', 'MM-MK_43', '43'),
(928, 68, '44', 'MM-MK_44', '44'),
(929, 68, '405', 'MM-MK_405', '405'),
(930, 68, '415', 'MM-MK_415', '415'),
(931, 68, '425', 'MM-MK_425', '425'),
(932, 68, '435', 'MM-MK_435', '435'),
(933, 69, '39', 'MM-ML_39', '39'),
(934, 69, '40', 'MM-ML_40', '40'),
(935, 69, '41', 'MM-ML_41', '41'),
(936, 69, '42', 'MM-ML_42', '42'),
(937, 69, '43', 'MM-ML_43', '43'),
(938, 69, '44', 'MM-ML_44', '44'),
(939, 69, '45', 'MM-ML_45', '45'),
(940, 69, '46', 'MM-ML_46', '46'),
(941, 69, '405', 'MM-ML_405', '405'),
(942, 69, '415', 'MM-ML_415', '415'),
(943, 69, '425', 'MM-ML_425', '425'),
(944, 69, '435', 'MM-ML_435', '435'),
(945, 70, '40', 'MM-MR_40', '40'),
(946, 70, '41', 'MM-MR_41', '41'),
(947, 70, '42', 'MM-MR_42', '42'),
(948, 70, '43', 'MM-MR_43', '43'),
(949, 70, '44', 'MM-MR_44', '44'),
(950, 70, '45', 'MM-MR_45', '45'),
(951, 70, '46', 'MM-MR_46', '46'),
(952, 70, '405', 'MM-MR_405', '405'),
(953, 70, '415', 'MM-MR_415', '415'),
(954, 70, '425', 'MM-MR_425', '425'),
(955, 70, '435', 'MM-MR_435', '435'),
(956, 70, '445', 'MM-MR_445', '445'),
(957, 70, '455', 'MM-MR_455', '455'),
(958, 70, '465', 'MM-MR_465', '465'),
(959, 71, '40', 'MM-MRl_40', '40'),
(960, 71, '41', 'MM-MRl_41', '41'),
(961, 71, '42', 'MM-MRl_42', '42'),
(962, 71, '43', 'MM-MRl_43', '43'),
(963, 71, '44', 'MM-MRl_44', '44'),
(964, 71, '45', 'MM-MRl_45', '45'),
(965, 71, '46', 'MM-MRl_46', '46'),
(966, 71, '47', 'MM-MRl_47', '47'),
(967, 71, '405', 'MM-MRl_405', '405'),
(968, 71, '415', 'MM-MRl_415', '415'),
(969, 71, '425', 'MM-MRl_425', '425'),
(970, 71, '435', 'MM-MRl_435', '435'),
(971, 71, '445', 'MM-MRl_445', '445'),
(972, 71, '455', 'MM-MRl_455', '455'),
(973, 71, '465', 'MM-MRl_465', '465'),
(974, 71, '475', 'MM-MRl_475', '475'),
(975, 72, '40', 'MM-Ml_40', '40'),
(976, 72, '41', 'MM-Ml_41', '41'),
(977, 72, '42', 'MM-Ml_42', '42'),
(978, 72, '43', 'MM-Ml_43', '43'),
(979, 72, '44', 'MM-Ml_44', '44'),
(980, 72, '45', 'MM-Ml_45', '45'),
(981, 72, '46', 'MM-Ml_46', '46'),
(982, 72, '47', 'MM-Ml_47', '47'),
(983, 72, '405', 'MM-Ml_405', '405'),
(984, 72, '415', 'MM-Ml_415', '415'),
(985, 72, '425', 'MM-Ml_425', '425'),
(986, 72, '435', 'MM-Ml_435', '435'),
(987, 72, '445', 'MM-Ml_445', '445'),
(988, 72, '455', 'MM-Ml_455', '455'),
(989, 72, '465', 'MM-Ml_465', '465'),
(990, 72, '475', 'MM-Ml_475', '475'),
(991, 73, '2', 'MM-N_2', '2'),
(992, 73, '4', 'MM-N_4', '4'),
(993, 73, '6', 'MM-N_6', '6'),
(994, 73, '8', 'MM-N_8', '8'),
(995, 73, '10', 'MM-N_10', '10'),
(996, 73, '12', 'MM-N_12', '12'),
(997, 73, '14', 'MM-N_14', '14'),
(998, 73, '16', 'MM-N_16', '16'),
(999, 74, '2', 'MM-O_2', '2'),
(1000, 74, '3', 'MM-O_3', '3'),
(1001, 74, '4', 'MM-O_4', '4'),
(1002, 74, '5', 'MM-O_5', '5'),
(1003, 74, '25', 'MM-O_25', '25'),
(1004, 74, '35', 'MM-O_35', '35'),
(1005, 74, '45', 'MM-O_45', '45'),
(1006, 74, '55', 'MM-O_55', '55'),
(1007, 75, '2', 'MM-OCDV_2', '2'),
(1008, 75, '3', 'MM-OCDV_3', '3'),
(1009, 75, '4', 'MM-OCDV_4', '4'),
(1010, 75, '5', 'MM-OCDV_5', '5'),
(1011, 75, '6', 'MM-OCDV_6', '6'),
(1012, 75, '7', 'MM-OCDV_7', '7'),
(1013, 75, '8', 'MM-OCDV_8', '8'),
(1014, 75, '9', 'MM-OCDV_9', '9'),
(1015, 75, '10', 'MM-OCDV_10', '10'),
(1016, 75, '11', 'MM-OCDV_11', '11'),
(1017, 75, '12', 'MM-OCDV_12', '12'),
(1018, 75, '25', 'MM-OCDV_25', '25'),
(1019, 75, '35', 'MM-OCDV_35', '35'),
(1020, 75, '45', 'MM-OCDV_45', '45'),
(1021, 75, '55', 'MM-OCDV_55', '55'),
(1022, 75, '65', 'MM-OCDV_65', '65'),
(1023, 75, '75', 'MM-OCDV_75', '75'),
(1024, 75, '85', 'MM-OCDV_85', '85'),
(1025, 75, '95', 'MM-OCDV_95', '95'),
(1026, 75, '105', 'MM-OCDV_105', '105'),
(1027, 75, '115', 'MM-OCDV_115', '115'),
(1028, 75, '125', 'MM-OCDV_125', '125'),
(1029, 76, '24', 'MM-P_24', '24'),
(1030, 76, '25', 'MM-P_25', '25'),
(1031, 76, '26', 'MM-P_26', '26'),
(1032, 76, '27', 'MM-P_27', '27'),
(1033, 76, '28', 'MM-P_28', '28'),
(1034, 76, '29', 'MM-P_29', '29'),
(1035, 76, '30', 'MM-P_30', '30'),
(1036, 76, '31', 'MM-P_31', '31'),
(1037, 77, '24', 'MM-PQ_24', '24'),
(1038, 77, '25', 'MM-PQ_25', '25'),
(1039, 77, '26', 'MM-PQ_26', '26'),
(1040, 77, '27', 'MM-PQ_27', '27'),
(1041, 77, '28', 'MM-PQ_28', '28'),
(1042, 77, '29', 'MM-PQ_29', '29'),
(1043, 77, '30', 'MM-PQ_30', '30'),
(1044, 77, '31', 'MM-PQ_31', '31'),
(1045, 77, '32', 'MM-PQ_32', '32'),
(1046, 77, '33', 'MM-PQ_33', '33'),
(1047, 77, '34', 'MM-PQ_34', '34'),
(1048, 77, '35', 'MM-PQ_35', '35'),
(1049, 77, '36', 'MM-PQ_36', '36'),
(1050, 77, '37', 'MM-PQ_37', '37'),
(1051, 77, '38', 'MM-PQ_38', '38'),
(1052, 77, '39', 'MM-PQ_39', '39'),
(1053, 78, '16', 'MM-PQRS_16', '16'),
(1054, 78, '17', 'MM-PQRS_17', '17'),
(1055, 78, '18', 'MM-PQRS_18', '18'),
(1056, 78, '19', 'MM-PQRS_19', '19'),
(1057, 78, '20', 'MM-PQRS_20', '20'),
(1058, 78, '21', 'MM-PQRS_21', '21'),
(1059, 78, '22', 'MM-PQRS_22', '22'),
(1060, 78, '23', 'MM-PQRS_23', '23'),
(1061, 78, '24', 'MM-PQRS_24', '24'),
(1062, 78, '25', 'MM-PQRS_25', '25'),
(1063, 78, '26', 'MM-PQRS_26', '26'),
(1064, 78, '27', 'MM-PQRS_27', '27'),
(1065, 78, '28', 'MM-PQRS_28', '28'),
(1066, 78, '29', 'MM-PQRS_29', '29'),
(1067, 78, '30', 'MM-PQRS_30', '30'),
(1068, 78, '31', 'MM-PQRS_31', '31'),
(1069, 78, '32', 'MM-PQRS_32', '32'),
(1070, 78, '33', 'MM-PQRS_33', '33'),
(1071, 78, '34', 'MM-PQRS_34', '34'),
(1072, 78, '35', 'MM-PQRS_35', '35'),
(1073, 78, '36', 'MM-PQRS_36', '36'),
(1074, 78, '37', 'MM-PQRS_37', '37'),
(1075, 78, '38', 'MM-PQRS_38', '38'),
(1076, 78, '39', 'MM-PQRS_39', '39'),
(1077, 78, '44', 'MM-PQRS_44', '44'),
(1078, 78, '45', 'MM-PQRS_45', '45'),
(1079, 78, '46', 'MM-PQRS_46', '46'),
(1080, 78, '445', 'MM-PQRS_445', '445'),
(1081, 78, '455', 'MM-PQRS_455', '455'),
(1082, 78, '465', 'MM-PQRS_465', '465'),
(1083, 79, '24', 'MM-PW_24', '24'),
(1084, 79, '25', 'MM-PW_25', '25'),
(1085, 79, '26', 'MM-PW_26', '26'),
(1086, 79, '27', 'MM-PW_27', '27'),
(1087, 79, '28', 'MM-PW_28', '28'),
(1088, 79, '29', 'MM-PW_29', '29'),
(1089, 79, '30', 'MM-PW_30', '30'),
(1090, 79, '31', 'MM-PW_31', '31'),
(1091, 79, '42', 'MM-PW_42', '42'),
(1092, 79, '44', 'MM-PW_44', '44'),
(1093, 79, '46', 'MM-PW_46', '46'),
(1094, 79, '48', 'MM-PW_48', '48'),
(1095, 79, '50', 'MM-PW_50', '50'),
(1096, 79, '52', 'MM-PW_52', '52'),
(1097, 79, '54', 'MM-PW_54', '54'),
(1098, 79, '56', 'MM-PW_56', '56'),
(1099, 80, '32', 'MM-Q_32', '32'),
(1100, 80, '33', 'MM-Q_33', '33'),
(1101, 80, '34', 'MM-Q_34', '34'),
(1102, 80, '35', 'MM-Q_35', '35'),
(1103, 80, '36', 'MM-Q_36', '36'),
(1104, 80, '37', 'MM-Q_37', '37'),
(1105, 80, '38', 'MM-Q_38', '38'),
(1106, 80, '39', 'MM-Q_39', '39'),
(1107, 81, '32', 'MM-QF_32', '32'),
(1108, 81, '33', 'MM-QF_33', '33'),
(1109, 81, '34', 'MM-QF_34', '34'),
(1110, 81, '35', 'MM-QF_35', '35'),
(1111, 81, '36', 'MM-QF_36', '36'),
(1112, 81, '37', 'MM-QF_37', '37'),
(1113, 81, '38', 'MM-QF_38', '38'),
(1114, 81, '39', 'MM-QF_39', '39'),
(1115, 81, '40', 'MM-QF_40', '40'),
(1116, 81, '42', 'MM-QF_42', '42'),
(1117, 81, '44', 'MM-QF_44', '44'),
(1118, 81, '46', 'MM-QF_46', '46'),
(1119, 81, '48', 'MM-QF_48', '48'),
(1120, 81, '50', 'MM-QF_50', '50'),
(1121, 81, '52', 'MM-QF_52', '52'),
(1122, 81, '54', 'MM-QF_54', '54'),
(1123, 82, '32', 'MM-QK_32', '32'),
(1124, 82, '33', 'MM-QK_33', '33'),
(1125, 82, '34', 'MM-QK_34', '34'),
(1126, 82, '35', 'MM-QK_35', '35'),
(1127, 82, '36', 'MM-QK_36', '36'),
(1128, 82, '37', 'MM-QK_37', '37'),
(1129, 82, '38', 'MM-QK_38', '38'),
(1130, 82, '39', 'MM-QK_39', '39'),
(1131, 82, '40', 'MM-QK_40', '40'),
(1132, 82, '41', 'MM-QK_41', '41'),
(1133, 82, '42', 'MM-QK_42', '42'),
(1134, 82, '43', 'MM-QK_43', '43'),
(1135, 82, '44', 'MM-QK_44', '44'),
(1136, 83, '32', 'MM-QL_32', '32'),
(1137, 83, '33', 'MM-QL_33', '33'),
(1138, 83, '34', 'MM-QL_34', '34'),
(1139, 83, '35', 'MM-QL_35', '35'),
(1140, 83, '36', 'MM-QL_36', '36'),
(1141, 83, '37', 'MM-QL_37', '37'),
(1142, 83, '38', 'MM-QL_38', '38'),
(1143, 83, '39', 'MM-QL_39', '39'),
(1144, 83, '40', 'MM-QL_40', '40'),
(1145, 83, '41', 'MM-QL_41', '41'),
(1146, 83, '42', 'MM-QL_42', '42'),
(1147, 83, '43', 'MM-QL_43', '43'),
(1148, 83, '44', 'MM-QL_44', '44'),
(1149, 83, '45', 'MM-QL_45', '45'),
(1150, 83, '46', 'MM-QL_46', '46'),
(1151, 84, '32', 'MM-QM_32', '32'),
(1152, 84, '33', 'MM-QM_33', '33'),
(1153, 84, '34', 'MM-QM_34', '34'),
(1154, 84, '35', 'MM-QM_35', '35'),
(1155, 84, '36', 'MM-QM_36', '36'),
(1156, 84, '37', 'MM-QM_37', '37'),
(1157, 84, '38', 'MM-QM_38', '38'),
(1158, 84, '39', 'MM-QM_39', '39'),
(1159, 84, '40', 'MM-QM_40', '40'),
(1160, 84, '41', 'MM-QM_41', '41'),
(1161, 84, '42', 'MM-QM_42', '42'),
(1162, 84, '43', 'MM-QM_43', '43'),
(1163, 84, '405', 'MM-QM_405', '405'),
(1164, 84, '415', 'MM-QM_415', '415'),
(1165, 84, '425', 'MM-QM_425', '425'),
(1166, 84, '435', 'MM-QM_435', '435'),
(1167, 85, '24', 'MM-QP_24', '24'),
(1168, 85, '25', 'MM-QP_25', '25'),
(1169, 85, '26', 'MM-QP_26', '26'),
(1170, 85, '27', 'MM-QP_27', '27'),
(1171, 85, '28', 'MM-QP_28', '28'),
(1172, 85, '29', 'MM-QP_29', '29'),
(1173, 85, '30', 'MM-QP_30', '30'),
(1174, 85, '31', 'MM-QP_31', '31'),
(1175, 85, '32', 'MM-QP_32', '32'),
(1176, 85, '33', 'MM-QP_33', '33'),
(1177, 85, '34', 'MM-QP_34', '34'),
(1178, 85, '35', 'MM-QP_35', '35'),
(1179, 85, '36', 'MM-QP_36', '36'),
(1180, 85, '37', 'MM-QP_37', '37'),
(1181, 85, '38', 'MM-QP_38', '38'),
(1182, 85, '39', 'MM-QP_39', '39'),
(1183, 86, '44', 'MM-R_44', '44'),
(1184, 86, '45', 'MM-R_45', '45'),
(1185, 86, '46', 'MM-R_46', '46'),
(1186, 86, '445', 'MM-R_445', '445'),
(1187, 86, '455', 'MM-R_455', '455'),
(1188, 86, '465', 'MM-R_465', '465'),
(1189, 87, '16', 'MM-S_16', '16'),
(1190, 87, '17', 'MM-S_17', '17'),
(1191, 87, '18', 'MM-S_18', '18'),
(1192, 87, '19', 'MM-S_19', '19'),
(1193, 87, '20', 'MM-S_20', '20'),
(1194, 87, '21', 'MM-S_21', '21'),
(1195, 87, '22', 'MM-S_22', '22'),
(1196, 87, '23', 'MM-S_23', '23'),
(1197, 88, '16', 'MM-SP_16', '16'),
(1198, 88, '17', 'MM-SP_17', '17'),
(1199, 88, '18', 'MM-SP_18', '18'),
(1200, 88, '19', 'MM-SP_19', '19'),
(1201, 88, '20', 'MM-SP_20', '20'),
(1202, 88, '21', 'MM-SP_21', '21'),
(1203, 88, '22', 'MM-SP_22', '22'),
(1204, 88, '23', 'MM-SP_23', '23'),
(1205, 88, '24', 'MM-SP_24', '24'),
(1206, 88, '25', 'MM-SP_25', '25'),
(1207, 88, '26', 'MM-SP_26', '26'),
(1208, 88, '27', 'MM-SP_27', '27'),
(1209, 88, '28', 'MM-SP_28', '28'),
(1210, 88, '29', 'MM-SP_29', '29'),
(1211, 88, '30', 'MM-SP_30', '30'),
(1212, 88, '31', 'MM-SP_31', '31'),
(1213, 89, '16', 'MM-Sj_16', '16'),
(1214, 89, '17', 'MM-Sj_17', '17'),
(1215, 89, '18', 'MM-Sj_18', '18'),
(1216, 89, '19', 'MM-Sj_19', '19'),
(1217, 89, '20', 'MM-Sj_20', '20'),
(1218, 89, '21', 'MM-Sj_21', '21'),
(1219, 89, '22', 'MM-Sj_22', '22'),
(1220, 89, '23', 'MM-Sj_23', '23'),
(1221, 89, '24', 'MM-Sj_24', '24'),
(1222, 89, '25', 'MM-Sj_25', '25'),
(1223, 89, '26', 'MM-Sj_26', '26'),
(1224, 89, '225', 'MM-Sj_225', '225'),
(1225, 89, '235', 'MM-Sj_235', '235'),
(1226, 89, '245', 'MM-Sj_245', '245'),
(1227, 89, '255', 'MM-Sj_255', '255'),
(1228, 90, '49', 'MM-T_49', '49'),
(1229, 90, '52', 'MM-T_52', '52'),
(1230, 90, '55', 'MM-T_55', '55'),
(1231, 90, '57', 'MM-T_57', '57'),
(1232, 90, '59', 'MM-T_59', '59'),
(1233, 90, '61', 'MM-T_61', '61'),
(1234, 90, '63', 'MM-T_63', '63'),
(1235, 90, '65', 'MM-T_65', '65'),
(1236, 91, '49', 'MM-TY_49', '49'),
(1237, 91, '52', 'MM-TY_52', '52'),
(1238, 91, '55', 'MM-TY_55', '55'),
(1239, 91, '56', 'MM-TY_56', '56'),
(1240, 91, '57', 'MM-TY_57', '57'),
(1241, 91, '58', 'MM-TY_58', '58'),
(1242, 91, '59', 'MM-TY_59', '59'),
(1243, 91, '60', 'MM-TY_60', '60'),
(1244, 91, '61', 'MM-TY_61', '61'),
(1245, 91, '62', 'MM-TY_62', '62'),
(1246, 91, '63', 'MM-TY_63', '63'),
(1247, 91, '65', 'MM-TY_65', '65'),
(1248, 92, '49', 'MM-Tb_49', '49'),
(1249, 92, '52', 'MM-Tb_52', '52'),
(1250, 92, '55', 'MM-Tb_55', '55'),
(1251, 92, '57', 'MM-Tb_57', '57'),
(1252, 92, '58', 'MM-Tb_58', '58'),
(1253, 92, '59', 'MM-Tb_59', '59'),
(1254, 92, '61', 'MM-Tb_61', '61'),
(1255, 92, '63', 'MM-Tb_63', '63'),
(1256, 92, '65', 'MM-Tb_65', '65'),
(1257, 93, '36', 'MM-U_36', '36'),
(1258, 93, '37', 'MM-U_37', '37'),
(1259, 93, '38', 'MM-U_38', '38'),
(1260, 93, '39', 'MM-U_39', '39'),
(1261, 93, '365', 'MM-U_365', '365'),
(1262, 93, '375', 'MM-U_375', '375'),
(1263, 93, '385', 'MM-U_385', '385');
INSERT INTO `taille_ref` (`id`, `grille_taille_ref_id`, `taille_ref`, `stock_id`, `stock_code`) VALUES
(1264, 93, '395', 'MM-U_395', '395'),
(1265, 94, '00', 'MM-UE_00', NULL),
(1266, 94, '05', 'MM-UE_05', '5'),
(1267, 94, '36', 'MM-UE_36', '36'),
(1268, 94, '37', 'MM-UE_37', '37'),
(1269, 94, '38', 'MM-UE_38', '38'),
(1270, 94, '39', 'MM-UE_39', '39'),
(1271, 94, '70', 'MM-UE_70', '70'),
(1272, 94, '75', 'MM-UE_75', '75'),
(1273, 94, '80', 'MM-UE_80', '80'),
(1274, 94, '85', 'MM-UE_85', '85'),
(1275, 94, '90', 'MM-UE_90', '90'),
(1276, 94, '95', 'MM-UE_95', '95'),
(1277, 94, '365', 'MM-UE_365', '365'),
(1278, 94, '375', 'MM-UE_375', '375'),
(1279, 94, '385', 'MM-UE_385', '385'),
(1280, 94, '395', 'MM-UE_395', '395'),
(1281, 95, '1', 'MM-UH_1', '1'),
(1282, 95, '2', 'MM-UH_2', '2'),
(1283, 95, '3', 'MM-UH_3', '3'),
(1284, 95, '4', 'MM-UH_4', '4'),
(1285, 95, '5', 'MM-UH_5', '5'),
(1286, 95, '6', 'MM-UH_6', '6'),
(1287, 95, '35', 'MM-UH_35', '35'),
(1288, 95, '36', 'MM-UH_36', '36'),
(1289, 95, '37', 'MM-UH_37', '37'),
(1290, 95, '38', 'MM-UH_38', '38'),
(1291, 95, '39', 'MM-UH_39', '39'),
(1292, 95, '355', 'MM-UH_355', '355'),
(1293, 95, '365', 'MM-UH_365', '365'),
(1294, 95, '375', 'MM-UH_375', '375'),
(1295, 95, '385', 'MM-UH_385', '385'),
(1296, 95, '395', 'MM-UH_395', '395'),
(1297, 96, '36', 'MM-UL_36', '36'),
(1298, 96, '37', 'MM-UL_37', '37'),
(1299, 96, '38', 'MM-UL_38', '38'),
(1300, 96, '39', 'MM-UL_39', '39'),
(1301, 96, '40', 'MM-UL_40', '40'),
(1302, 96, '41', 'MM-UL_41', '41'),
(1303, 96, '42', 'MM-UL_42', '42'),
(1304, 96, '43', 'MM-UL_43', '43'),
(1305, 96, '44', 'MM-UL_44', '44'),
(1306, 96, '45', 'MM-UL_45', '45'),
(1307, 96, '46', 'MM-UL_46', '46'),
(1308, 96, '365', 'MM-UL_365', '365'),
(1309, 96, '375', 'MM-UL_375', '375'),
(1310, 96, '385', 'MM-UL_385', '385'),
(1311, 96, '395', 'MM-UL_395', '395'),
(1312, 97, '36', 'MM-UM_36', '36'),
(1313, 97, '37', 'MM-UM_37', '37'),
(1314, 97, '38', 'MM-UM_38', '38'),
(1315, 97, '39', 'MM-UM_39', '39'),
(1316, 97, '40', 'MM-UM_40', '40'),
(1317, 97, '41', 'MM-UM_41', '41'),
(1318, 97, '42', 'MM-UM_42', '42'),
(1319, 97, '43', 'MM-UM_43', '43'),
(1320, 97, '365', 'MM-UM_365', '365'),
(1321, 97, '375', 'MM-UM_375', '375'),
(1322, 97, '385', 'MM-UM_385', '385'),
(1323, 97, '395', 'MM-UM_395', '395'),
(1324, 97, '405', 'MM-UM_405', '405'),
(1325, 97, '415', 'MM-UM_415', '415'),
(1326, 97, '425', 'MM-UM_425', '425'),
(1327, 97, '435', 'MM-UM_435', '435'),
(1328, 98, '1', 'MM-UMH_1', '1'),
(1329, 98, '2', 'MM-UMH_2', '2'),
(1330, 98, '3', 'MM-UMH_3', '3'),
(1331, 98, '4', 'MM-UMH_4', '4'),
(1332, 98, '5', 'MM-UMH_5', '5'),
(1333, 98, '6', 'MM-UMH_6', '6'),
(1334, 98, '35', 'MM-UMH_35', '35'),
(1335, 98, '36', 'MM-UMH_36', '36'),
(1336, 98, '37', 'MM-UMH_37', '37'),
(1337, 98, '38', 'MM-UMH_38', '38'),
(1338, 98, '39', 'MM-UMH_39', '39'),
(1339, 98, '40', 'MM-UMH_40', '40'),
(1340, 98, '41', 'MM-UMH_41', '41'),
(1341, 98, '42', 'MM-UMH_42', '42'),
(1342, 98, '43', 'MM-UMH_43', '43'),
(1343, 98, '355', 'MM-UMH_355', '355'),
(1344, 98, '365', 'MM-UMH_365', '365'),
(1345, 98, '375', 'MM-UMH_375', '375'),
(1346, 98, '385', 'MM-UMH_385', '385'),
(1347, 98, '395', 'MM-UMH_395', '395'),
(1348, 98, '405', 'MM-UMH_405', '405'),
(1349, 98, '415', 'MM-UMH_415', '415'),
(1350, 98, '425', 'MM-UMH_425', '425'),
(1351, 98, '435', 'MM-UMH_435', '435'),
(1352, 99, '36', 'MM-UML_36', '36'),
(1353, 99, '37', 'MM-UML_37', '37'),
(1354, 99, '38', 'MM-UML_38', '38'),
(1355, 99, '39', 'MM-UML_39', '39'),
(1356, 99, '40', 'MM-UML_40', '40'),
(1357, 99, '41', 'MM-UML_41', '41'),
(1358, 99, '42', 'MM-UML_42', '42'),
(1359, 99, '43', 'MM-UML_43', '43'),
(1360, 99, '44', 'MM-UML_44', '44'),
(1361, 99, '45', 'MM-UML_45', '45'),
(1362, 99, '46', 'MM-UML_46', '46'),
(1363, 99, '365', 'MM-UML_365', '365'),
(1364, 99, '375', 'MM-UML_375', '375'),
(1365, 99, '385', 'MM-UML_385', '385'),
(1366, 99, '395', 'MM-UML_395', '395'),
(1367, 99, '405', 'MM-UML_405', '405'),
(1368, 99, '415', 'MM-UML_415', '415'),
(1369, 99, '425', 'MM-UML_425', '425'),
(1370, 99, '435', 'MM-UML_435', '435'),
(1371, 100, '36', 'MM-UMR_36', '36'),
(1372, 100, '37', 'MM-UMR_37', '37'),
(1373, 100, '38', 'MM-UMR_38', '38'),
(1374, 100, '39', 'MM-UMR_39', '39'),
(1375, 100, '40', 'MM-UMR_40', '40'),
(1376, 100, '41', 'MM-UMR_41', '41'),
(1377, 100, '42', 'MM-UMR_42', '42'),
(1378, 100, '43', 'MM-UMR_43', '43'),
(1379, 100, '44', 'MM-UMR_44', '44'),
(1380, 100, '45', 'MM-UMR_45', '45'),
(1381, 100, '46', 'MM-UMR_46', '46'),
(1382, 100, '365', 'MM-UMR_365', '365'),
(1383, 100, '375', 'MM-UMR_375', '375'),
(1384, 100, '385', 'MM-UMR_385', '385'),
(1385, 100, '395', 'MM-UMR_395', '395'),
(1386, 100, '405', 'MM-UMR_405', '405'),
(1387, 100, '415', 'MM-UMR_415', '415'),
(1388, 100, '425', 'MM-UMR_425', '425'),
(1389, 100, '435', 'MM-UMR_435', '435'),
(1390, 100, '445', 'MM-UMR_445', '445'),
(1391, 100, '455', 'MM-UMR_455', '455'),
(1392, 100, '465', 'MM-UMR_465', '465'),
(1393, 101, '36', 'MM-UMl_36', '36'),
(1394, 101, '37', 'MM-UMl_37', '37'),
(1395, 101, '38', 'MM-UMl_38', '38'),
(1396, 101, '39', 'MM-UMl_39', '39'),
(1397, 101, '40', 'MM-UMl_40', '40'),
(1398, 101, '41', 'MM-UMl_41', '41'),
(1399, 101, '42', 'MM-UMl_42', '42'),
(1400, 101, '43', 'MM-UMl_43', '43'),
(1401, 101, '44', 'MM-UMl_44', '44'),
(1402, 101, '45', 'MM-UMl_45', '45'),
(1403, 101, '46', 'MM-UMl_46', '46'),
(1404, 101, '47', 'MM-UMl_47', '47'),
(1405, 101, '365', 'MM-UMl_365', '365'),
(1406, 101, '375', 'MM-UMl_375', '375'),
(1407, 101, '385', 'MM-UMl_385', '385'),
(1408, 101, '395', 'MM-UMl_395', '395'),
(1409, 101, '405', 'MM-UMl_405', '405'),
(1410, 101, '415', 'MM-UMl_415', '415'),
(1411, 101, '425', 'MM-UMl_425', '425'),
(1412, 101, '435', 'MM-UMl_435', '435'),
(1413, 101, '445', 'MM-UMl_445', '445'),
(1414, 101, '455', 'MM-UMl_455', '455'),
(1415, 101, '465', 'MM-UMl_465', '465'),
(1416, 101, '475', 'MM-UMl_475', '475'),
(1417, 102, '11', 'MM-V_11', '11'),
(1418, 102, '12', 'MM-V_12', '12'),
(1419, 102, '115', 'MM-V_115', '115'),
(1420, 102, '125', 'MM-V_125', '125'),
(1421, 103, '42', 'MM-W_42', '42'),
(1422, 103, '44', 'MM-W_44', '44'),
(1423, 103, '46', 'MM-W_46', '46'),
(1424, 103, '48', 'MM-W_48', '48'),
(1425, 103, '50', 'MM-W_50', '50'),
(1426, 103, '52', 'MM-W_52', '52'),
(1427, 103, '54', 'MM-W_54', '54'),
(1428, 103, '56', 'MM-W_56', '56'),
(1429, 104, '42', 'MM-WY_42', '42'),
(1430, 104, '44', 'MM-WY_44', '44'),
(1431, 104, '46', 'MM-WY_46', '46'),
(1432, 104, '48', 'MM-WY_48', '48'),
(1433, 104, '50', 'MM-WY_50', '50'),
(1434, 104, '52', 'MM-WY_52', '52'),
(1435, 104, '54', 'MM-WY_54', '54'),
(1436, 104, '55', 'MM-WY_55', '55'),
(1437, 104, '56', 'MM-WY_56', '56'),
(1438, 104, '57', 'MM-WY_57', '57'),
(1439, 104, '58', 'MM-WY_58', '58'),
(1440, 104, '59', 'MM-WY_59', '59'),
(1441, 104, '60', 'MM-WY_60', '60'),
(1442, 104, '61', 'MM-WY_61', '61'),
(1443, 104, '62', 'MM-WY_62', '62'),
(1444, 105, '42', 'MM-Wb_42', '42'),
(1445, 105, '44', 'MM-Wb_44', '44'),
(1446, 105, '46', 'MM-Wb_46', '46'),
(1447, 105, '48', 'MM-Wb_48', '48'),
(1448, 105, '50', 'MM-Wb_50', '50'),
(1449, 105, '52', 'MM-Wb_52', '52'),
(1450, 105, '54', 'MM-Wb_54', '54'),
(1451, 105, '56', 'MM-Wb_56', '56'),
(1452, 105, '58', 'MM-Wb_58', '58'),
(1453, 106, '42', 'MM-Ww_42', '42'),
(1454, 106, '44', 'MM-Ww_44', '44'),
(1455, 106, '46', 'MM-Ww_46', '46'),
(1456, 106, '48', 'MM-Ww_48', '48'),
(1457, 106, '50', 'MM-Ww_50', '50'),
(1458, 106, '52', 'MM-Ww_52', '52'),
(1459, 106, '54', 'MM-Ww_54', '54'),
(1460, 106, '56', 'MM-Ww_56', '56'),
(1461, 106, '58', 'MM-Ww_58', '58'),
(1462, 106, '60', 'MM-Ww_60', '60'),
(1463, 106, '62', 'MM-Ww_62', '62'),
(1464, 106, '64', 'MM-Ww_64', '64'),
(1465, 106, '66', 'MM-Ww_66', '66'),
(1466, 106, '68', 'MM-Ww_68', '68'),
(1467, 106, '70', 'MM-Ww_70', '70'),
(1468, 106, '72', 'MM-Ww_72', '72'),
(1469, 107, '9', 'MM-X_9', '9'),
(1470, 107, '10', 'MM-X_10', '10'),
(1471, 107, '11', 'MM-X_11', '11'),
(1472, 107, '12', 'MM-X_12', '12'),
(1473, 107, '13', 'MM-X_13', '13'),
(1474, 107, '14', 'MM-X_14', '14'),
(1475, 107, '15', 'MM-X_15', '15'),
(1476, 107, '16', 'MM-X_16', '16'),
(1477, 108, '9', 'MM-XS_9', '9'),
(1478, 108, '10', 'MM-XS_10', '10'),
(1479, 108, '11', 'MM-XS_11', '11'),
(1480, 108, '12', 'MM-XS_12', '12'),
(1481, 108, '13', 'MM-XS_13', '13'),
(1482, 108, '14', 'MM-XS_14', '14'),
(1483, 108, '15', 'MM-XS_15', '15'),
(1484, 108, '16', 'MM-XS_16', '16'),
(1485, 108, '17', 'MM-XS_17', '17'),
(1486, 108, '18', 'MM-XS_18', '18'),
(1487, 108, '19', 'MM-XS_19', '19'),
(1488, 108, '20', 'MM-XS_20', '20'),
(1489, 108, '21', 'MM-XS_21', '21'),
(1490, 108, '22', 'MM-XS_22', '22'),
(1491, 108, '23', 'MM-XS_23', '23'),
(1492, 109, '55', 'MM-Y_55', '55'),
(1493, 109, '56', 'MM-Y_56', '56'),
(1494, 109, '57', 'MM-Y_57', '57'),
(1495, 109, '58', 'MM-Y_58', '58'),
(1496, 109, '59', 'MM-Y_59', '59'),
(1497, 109, '60', 'MM-Y_60', '60'),
(1498, 109, '61', 'MM-Y_61', '61'),
(1499, 109, '62', 'MM-Y_62', '62'),
(1500, 110, '49', 'MM-YT_49', '49'),
(1501, 110, '52', 'MM-YT_52', '52'),
(1502, 110, '55', 'MM-YT_55', '55'),
(1503, 110, '56', 'MM-YT_56', '56'),
(1504, 110, '57', 'MM-YT_57', '57'),
(1505, 110, '58', 'MM-YT_58', '58'),
(1506, 110, '59', 'MM-YT_59', '59'),
(1507, 110, '60', 'MM-YT_60', '60'),
(1508, 110, '61', 'MM-YT_61', '61'),
(1509, 110, '62', 'MM-YT_62', '62'),
(1510, 110, '63', 'MM-YT_63', '63'),
(1511, 110, '65', 'MM-YT_65', '65'),
(1512, 111, '30', 'MM-Z_30', '30'),
(1513, 111, '32', 'MM-Z_32', '32'),
(1514, 111, '34', 'MM-Z_34', '34'),
(1515, 111, '55', 'MM-Z_55', '55'),
(1516, 111, '60', 'MM-Z_60', '60'),
(1517, 111, '65', 'MM-Z_65', '65'),
(1518, 111, '70', 'MM-Z_70', '70'),
(1519, 111, '75', 'MM-Z_75', '75'),
(1520, 112, '00', 'MM-ZE_00', NULL),
(1521, 112, '05', 'MM-ZE_05', '5'),
(1522, 112, '30', 'MM-ZE_30', '30'),
(1523, 112, '32', 'MM-ZE_32', '32'),
(1524, 112, '34', 'MM-ZE_34', '34'),
(1525, 112, '55', 'MM-ZE_55', '55'),
(1526, 112, '60', 'MM-ZE_60', '60'),
(1527, 112, '65', 'MM-ZE_65', '65'),
(1528, 112, '70', 'MM-ZE_70', '70'),
(1529, 112, '75', 'MM-ZE_75', '75'),
(1530, 112, '80', 'MM-ZE_80', '80'),
(1531, 112, '85', 'MM-ZE_85', '85'),
(1532, 112, '90', 'MM-ZE_90', '90'),
(1533, 112, '95', 'MM-ZE_95', '95'),
(1534, 113, '50', 'MM-a_50', '50'),
(1535, 113, '51', 'MM-a_51', '51'),
(1536, 113, '52', 'MM-a_52', '52'),
(1537, 113, '53', 'MM-a_53', '53'),
(1538, 113, '54', 'MM-a_54', '54'),
(1539, 113, '55', 'MM-a_55', '55'),
(1540, 113, '56', 'MM-a_56', '56'),
(1541, 113, '57', 'MM-a_57', '57'),
(1542, 114, '49', 'MM-aT_49', '49'),
(1543, 114, '50', 'MM-aT_50', '50'),
(1544, 114, '51', 'MM-aT_51', '51'),
(1545, 114, '52', 'MM-aT_52', '52'),
(1546, 114, '53', 'MM-aT_53', '53'),
(1547, 114, '54', 'MM-aT_54', '54'),
(1548, 114, '55', 'MM-aT_55', '55'),
(1549, 114, '56', 'MM-aT_56', '56'),
(1550, 114, '57', 'MM-aT_57', '57'),
(1551, 114, '59', 'MM-aT_59', '59'),
(1552, 114, '61', 'MM-aT_61', '61'),
(1553, 114, '63', 'MM-aT_63', '63'),
(1554, 114, '65', 'MM-aT_65', '65'),
(1555, 115, '50', 'MM-ab_50', '50'),
(1556, 115, '51', 'MM-ab_51', '51'),
(1557, 115, '52', 'MM-ab_52', '52'),
(1558, 115, '53', 'MM-ab_53', '53'),
(1559, 115, '54', 'MM-ab_54', '54'),
(1560, 115, '55', 'MM-ab_55', '55'),
(1561, 115, '56', 'MM-ab_56', '56'),
(1562, 115, '57', 'MM-ab_57', '57'),
(1563, 115, '58', 'MM-ab_58', '58'),
(1564, 116, '58', 'MM-b_58', '58'),
(1565, 117, '4', 'MM-c_4', '4'),
(1566, 117, '5', 'MM-c_5', '5'),
(1567, 117, '6', 'MM-c_6', '6'),
(1568, 117, '7', 'MM-c_7', '7'),
(1569, 117, '8', 'MM-c_8', '8'),
(1570, 117, '9', 'MM-c_9', '9'),
(1571, 117, '10', 'MM-c_10', '10'),
(1572, 117, '11', 'MM-c_11', '11'),
(1573, 118, '85A', 'MM-e_85A', '85A'),
(1574, 118, '85B', 'MM-e_85B', '85B'),
(1575, 118, '85C', 'MM-e_85C', '85C'),
(1576, 118, '85D', 'MM-e_85D', '85D'),
(1577, 118, '90A', 'MM-e_90A', '90A'),
(1578, 118, '90B', 'MM-e_90B', '90B'),
(1579, 118, '90C', 'MM-e_90C', '90C'),
(1580, 118, '90D', 'MM-e_90D', '90D'),
(1581, 119, '95A', 'MM-f_95A', '95A'),
(1582, 119, '95B', 'MM-f_95B', '95B'),
(1583, 119, '95C', 'MM-f_95C', '95C'),
(1584, 120, NULL, 'MM-h_0', NULL),
(1585, 120, '1', 'MM-h_1', '1'),
(1586, 120, '2', 'MM-h_2', '2'),
(1587, 120, '3', 'MM-h_3', '3'),
(1588, 120, '4', 'MM-h_4', '4'),
(1589, 120, '5', 'MM-h_5', '5'),
(1590, 120, '6', 'MM-h_6', '6'),
(1591, 120, '7', 'MM-h_7', '7'),
(1592, 121, NULL, 'MM-hI_0', NULL),
(1593, 121, '1', 'MM-hI_1', '1'),
(1594, 121, '2', 'MM-hI_2', '2'),
(1595, 121, '3', 'MM-hI_3', '3'),
(1596, 121, '4', 'MM-hI_4', '4'),
(1597, 121, '5', 'MM-hI_5', '5'),
(1598, 121, '6', 'MM-hI_6', '6'),
(1599, 121, '7', 'MM-hI_7', '7'),
(1600, 121, '8', 'MM-hI_8', '8'),
(1601, 121, '9', 'MM-hI_9', '9'),
(1602, 121, '10', 'MM-hI_10', '10'),
(1603, 121, '11', 'MM-hI_11', '11'),
(1604, 121, '12', 'MM-hI_12', '12'),
(1605, 122, NULL, 'MM-i_0', NULL),
(1606, 122, '00', 'MM-i_00', NULL),
(1607, 122, '1', 'MM-i_1', '1'),
(1608, 122, '2', 'MM-i_2', '2'),
(1609, 122, '3', 'MM-i_3', '3'),
(1610, 122, '4', 'MM-i_4', '4'),
(1611, 122, '5', 'MM-i_5', '5'),
(1612, 122, '6', 'MM-i_6', '6'),
(1613, 123, '23', 'MM-j_23', '23'),
(1614, 123, '24', 'MM-j_24', '24'),
(1615, 123, '25', 'MM-j_25', '25'),
(1616, 123, '26', 'MM-j_26', '26'),
(1617, 123, '225', 'MM-j_225', '225'),
(1618, 123, '235', 'MM-j_235', '235'),
(1619, 123, '245', 'MM-j_245', '245'),
(1620, 123, '255', 'MM-j_255', '255'),
(1621, 124, '23', 'MM-jP_23', '23'),
(1622, 124, '24', 'MM-jP_24', '24'),
(1623, 124, '25', 'MM-jP_25', '25'),
(1624, 124, '26', 'MM-jP_26', '26'),
(1625, 124, '27', 'MM-jP_27', '27'),
(1626, 124, '28', 'MM-jP_28', '28'),
(1627, 124, '29', 'MM-jP_29', '29'),
(1628, 124, '30', 'MM-jP_30', '30'),
(1629, 124, '31', 'MM-jP_31', '31'),
(1630, 124, '225', 'MM-jP_225', '225'),
(1631, 124, '235', 'MM-jP_235', '235'),
(1632, 124, '245', 'MM-jP_245', '245'),
(1633, 124, '255', 'MM-jP_255', '255'),
(1634, 125, '23', 'MM-jk_23', '23'),
(1635, 125, '24', 'MM-jk_24', '24'),
(1636, 125, '25', 'MM-jk_25', '25'),
(1637, 125, '26', 'MM-jk_26', '26'),
(1638, 125, '27', 'MM-jk_27', '27'),
(1639, 125, '28', 'MM-jk_28', '28'),
(1640, 125, '29', 'MM-jk_29', '29'),
(1641, 125, '30', 'MM-jk_30', '30'),
(1642, 125, '225', 'MM-jk_225', '225'),
(1643, 125, '235', 'MM-jk_235', '235'),
(1644, 125, '245', 'MM-jk_245', '245'),
(1645, 125, '255', 'MM-jk_255', '255'),
(1646, 125, '265', 'MM-jk_265', '265'),
(1647, 125, '275', 'MM-jk_275', '275'),
(1648, 125, '285', 'MM-jk_285', '285'),
(1649, 125, '295', 'MM-jk_295', '295'),
(1650, 126, '27', 'MM-k_27', '27'),
(1651, 126, '28', 'MM-k_28', '28'),
(1652, 126, '29', 'MM-k_29', '29'),
(1653, 126, '30', 'MM-k_30', '30'),
(1654, 126, '265', 'MM-k_265', '265'),
(1655, 126, '275', 'MM-k_275', '275'),
(1656, 126, '285', 'MM-k_285', '285'),
(1657, 126, '295', 'MM-k_295', '295'),
(1658, 127, '44', 'MM-l_44', '44'),
(1659, 127, '45', 'MM-l_45', '45'),
(1660, 127, '46', 'MM-l_46', '46'),
(1661, 127, '47', 'MM-l_47', '47'),
(1662, 127, '445', 'MM-l_445', '445'),
(1663, 127, '455', 'MM-l_455', '455'),
(1664, 127, '465', 'MM-l_465', '465'),
(1665, 127, '475', 'MM-l_475', '475'),
(1666, 128, '12M', 'MM-n_12M', '12M'),
(1667, 128, '18M', 'MM-n_18M', '18M'),
(1668, 128, '2A', 'MM-n_2A', '2A'),
(1669, 128, '3A', 'MM-n_3A', '3A'),
(1670, 128, '3M', 'MM-n_3M', '3M'),
(1671, 128, '4A', 'MM-n_4A', '4A'),
(1672, 128, '6M', 'MM-n_6M', '6M'),
(1673, 128, '9M', 'MM-n_9M', '9M'),
(1674, 129, '10A', 'MM-o_10A', '10A'),
(1675, 129, '12A', 'MM-o_12A', '12A'),
(1676, 129, '2A', 'MM-o_2A', '2A'),
(1677, 129, '4A', 'MM-o_4A', '4A'),
(1678, 129, '6A', 'MM-o_6A', '6A'),
(1679, 129, '8A', 'MM-o_8A', '8A'),
(1680, 130, '40', 'MM-p_40', '40'),
(1681, 130, '41', 'MM-p_41', '41'),
(1682, 130, '42', 'MM-p_42', '42'),
(1683, 130, '43', 'MM-p_43', '43'),
(1684, 130, '44', 'MM-p_44', '44'),
(1685, 130, '45', 'MM-p_45', '45'),
(1686, 130, '46', 'MM-p_46', '46'),
(1687, 130, '47', 'MM-p_47', '47'),
(1688, 131, '40', 'MM-pqr_40', '40'),
(1689, 131, '41', 'MM-pqr_41', '41'),
(1690, 131, '42', 'MM-pqr_42', '42'),
(1691, 131, '43', 'MM-pqr_43', '43'),
(1692, 131, '44', 'MM-pqr_44', '44'),
(1693, 131, '45', 'MM-pqr_45', '45'),
(1694, 131, '46', 'MM-pqr_46', '46'),
(1695, 131, '47', 'MM-pqr_47', '47'),
(1696, 131, '48', 'MM-pqr_48', '48'),
(1697, 131, '49', 'MM-pqr_49', '49'),
(1698, 131, '50', 'MM-pqr_50', '50'),
(1699, 131, '51', 'MM-pqr_51', '51'),
(1700, 131, '52', 'MM-pqr_52', '52'),
(1701, 131, '53', 'MM-pqr_53', '53'),
(1702, 131, '54', 'MM-pqr_54', '54'),
(1703, 131, '55', 'MM-pqr_55', '55'),
(1704, 131, '56', 'MM-pqr_56', '56'),
(1705, 131, '57', 'MM-pqr_57', '57'),
(1706, 131, '58', 'MM-pqr_58', '58'),
(1707, 131, '59', 'MM-pqr_59', '59'),
(1708, 131, '60', 'MM-pqr_60', '60'),
(1709, 131, '61', 'MM-pqr_61', '61'),
(1710, 131, '62', 'MM-pqr_62', '62'),
(1711, 131, '63', 'MM-pqr_63', '63'),
(1712, 132, '40', 'MM-pqrs_40', '40'),
(1713, 132, '41', 'MM-pqrs_41', '41'),
(1714, 132, '42', 'MM-pqrs_42', '42'),
(1715, 132, '43', 'MM-pqrs_43', '43'),
(1716, 132, '44', 'MM-pqrs_44', '44'),
(1717, 132, '45', 'MM-pqrs_45', '45'),
(1718, 132, '46', 'MM-pqrs_46', '46'),
(1719, 132, '47', 'MM-pqrs_47', '47'),
(1720, 132, '48', 'MM-pqrs_48', '48'),
(1721, 132, '49', 'MM-pqrs_49', '49'),
(1722, 132, '50', 'MM-pqrs_50', '50'),
(1723, 132, '51', 'MM-pqrs_51', '51'),
(1724, 132, '52', 'MM-pqrs_52', '52'),
(1725, 132, '53', 'MM-pqrs_53', '53'),
(1726, 132, '54', 'MM-pqrs_54', '54'),
(1727, 132, '55', 'MM-pqrs_55', '55'),
(1728, 132, '56', 'MM-pqrs_56', '56'),
(1729, 132, '57', 'MM-pqrs_57', '57'),
(1730, 132, '58', 'MM-pqrs_58', '58'),
(1731, 132, '59', 'MM-pqrs_59', '59'),
(1732, 132, '60', 'MM-pqrs_60', '60'),
(1733, 132, '61', 'MM-pqrs_61', '61'),
(1734, 132, '62', 'MM-pqrs_62', '62'),
(1735, 132, '63', 'MM-pqrs_63', '63'),
(1736, 132, '64', 'MM-pqrs_64', '64'),
(1737, 132, '65', 'MM-pqrs_65', '65'),
(1738, 132, '66', 'MM-pqrs_66', '66'),
(1739, 132, '67', 'MM-pqrs_67', '67'),
(1740, 132, '68', 'MM-pqrs_68', '68'),
(1741, 132, '69', 'MM-pqrs_69', '69'),
(1742, 132, '70', 'MM-pqrs_70', '70'),
(1743, 132, '71', 'MM-pqrs_71', '71'),
(1744, 133, '48', 'MM-q_48', '48'),
(1745, 133, '49', 'MM-q_49', '49'),
(1746, 133, '50', 'MM-q_50', '50'),
(1747, 133, '51', 'MM-q_51', '51'),
(1748, 133, '52', 'MM-q_52', '52'),
(1749, 133, '53', 'MM-q_53', '53'),
(1750, 133, '54', 'MM-q_54', '54'),
(1751, 133, '55', 'MM-q_55', '55'),
(1752, 134, '48', 'MM-qrs_48', '48'),
(1753, 134, '49', 'MM-qrs_49', '49'),
(1754, 134, '50', 'MM-qrs_50', '50'),
(1755, 134, '51', 'MM-qrs_51', '51'),
(1756, 134, '52', 'MM-qrs_52', '52'),
(1757, 134, '53', 'MM-qrs_53', '53'),
(1758, 134, '54', 'MM-qrs_54', '54'),
(1759, 134, '55', 'MM-qrs_55', '55'),
(1760, 134, '56', 'MM-qrs_56', '56'),
(1761, 134, '57', 'MM-qrs_57', '57'),
(1762, 134, '58', 'MM-qrs_58', '58'),
(1763, 134, '59', 'MM-qrs_59', '59'),
(1764, 134, '60', 'MM-qrs_60', '60'),
(1765, 134, '61', 'MM-qrs_61', '61'),
(1766, 134, '62', 'MM-qrs_62', '62'),
(1767, 134, '63', 'MM-qrs_63', '63'),
(1768, 134, '64', 'MM-qrs_64', '64'),
(1769, 134, '65', 'MM-qrs_65', '65'),
(1770, 134, '66', 'MM-qrs_66', '66'),
(1771, 134, '67', 'MM-qrs_67', '67'),
(1772, 134, '68', 'MM-qrs_68', '68'),
(1773, 134, '69', 'MM-qrs_69', '69'),
(1774, 134, '70', 'MM-qrs_70', '70'),
(1775, 134, '71', 'MM-qrs_71', '71'),
(1776, 135, '56', 'MM-r_56', '56'),
(1777, 135, '57', 'MM-r_57', '57'),
(1778, 135, '58', 'MM-r_58', '58'),
(1779, 135, '59', 'MM-r_59', '59'),
(1780, 135, '60', 'MM-r_60', '60'),
(1781, 135, '61', 'MM-r_61', '61'),
(1782, 135, '62', 'MM-r_62', '62'),
(1783, 135, '63', 'MM-r_63', '63'),
(1784, 136, '56', 'MM-rs_56', '56'),
(1785, 136, '57', 'MM-rs_57', '57'),
(1786, 136, '58', 'MM-rs_58', '58'),
(1787, 136, '59', 'MM-rs_59', '59'),
(1788, 136, '60', 'MM-rs_60', '60'),
(1789, 136, '61', 'MM-rs_61', '61'),
(1790, 136, '62', 'MM-rs_62', '62'),
(1791, 136, '63', 'MM-rs_63', '63'),
(1792, 136, '64', 'MM-rs_64', '64'),
(1793, 136, '65', 'MM-rs_65', '65'),
(1794, 136, '66', 'MM-rs_66', '66'),
(1795, 136, '67', 'MM-rs_67', '67'),
(1796, 136, '68', 'MM-rs_68', '68'),
(1797, 136, '69', 'MM-rs_69', '69'),
(1798, 136, '70', 'MM-rs_70', '70'),
(1799, 136, '71', 'MM-rs_71', '71'),
(1800, 137, '64', 'MM-s_64', '64'),
(1801, 137, '65', 'MM-s_65', '65'),
(1802, 137, '66', 'MM-s_66', '66'),
(1803, 137, '67', 'MM-s_67', '67'),
(1804, 137, '68', 'MM-s_68', '68'),
(1805, 137, '69', 'MM-s_69', '69'),
(1806, 137, '70', 'MM-s_70', '70'),
(1807, 137, '71', 'MM-s_71', '71'),
(1808, 138, '58', 'MM-w_58', '58'),
(1809, 138, '60', 'MM-w_60', '60'),
(1810, 138, '62', 'MM-w_62', '62'),
(1811, 138, '64', 'MM-w_64', '64'),
(1812, 138, '66', 'MM-w_66', '66'),
(1813, 138, '68', 'MM-w_68', '68'),
(1814, 138, '70', 'MM-w_70', '70'),
(1815, 138, '72', 'MM-w_72', '72'),
(1816, 139, 'FR 36', 'Pantalons FRANCE_FR 36', '36'),
(1817, 139, 'FR 38', 'Pantalons FRANCE_FR 38', '38'),
(1818, 139, 'FR 40', 'Pantalons FRANCE_FR 40', '40'),
(1819, 139, 'FR 42', 'Pantalons FRANCE_FR 42', '42'),
(1820, 139, 'FR 44', 'Pantalons FRANCE_FR 44', '44'),
(1821, 139, 'FR 46', 'Pantalons FRANCE_FR 46', '46'),
(1822, 139, 'FR 48', 'Pantalons FRANCE_FR 48', '48'),
(1823, 139, 'FR 50', 'Pantalons FRANCE_FR 50', '50'),
(1824, 140, 'IT 42', 'Pantalons ITALIE_IT 42', '42'),
(1825, 140, 'IT 44', 'Pantalons ITALIE_IT 44', '44'),
(1826, 140, 'IT 46', 'Pantalons ITALIE_IT 46', '46'),
(1827, 140, 'IT 48', 'Pantalons ITALIE_IT 48', '48'),
(1828, 140, 'IT 50', 'Pantalons ITALIE_IT 50', '50'),
(1829, 140, 'IT 52', 'Pantalons ITALIE_IT 52', '52'),
(1830, 140, 'IT 54', 'Pantalons ITALIE_IT 54', '54'),
(1831, 140, 'IT 56', 'Pantalons ITALIE_IT 56', '56'),
(1832, 141, '85A', 'Soutiens-gorge_85A', '85'),
(1833, 141, '85B', 'Soutiens-gorge_85B', '85'),
(1834, 141, '85C', 'Soutiens-gorge_85C', '85'),
(1835, 141, '85D', 'Soutiens-gorge_85D', '85'),
(1836, 141, '90A', 'Soutiens-gorge_90A', '90'),
(1837, 141, '90B', 'Soutiens-gorge_90B', '90'),
(1838, 141, '90C', 'Soutiens-gorge_90C', '90'),
(1839, 141, '90D', 'Soutiens-gorge_90D', '90'),
(1840, 141, '95A', 'Soutiens-gorge_95A', '95'),
(1841, 141, '95B', 'Soutiens-gorge_95B', '95'),
(1842, 141, '95C', 'Soutiens-gorge_95C', '95'),
(1843, 141, '95D', 'Soutiens-gorge_95D', '95'),
(1844, 142, 'TU', 'Taille Unique_TU', 'TU'),
(1845, 143, 'AU 10', 'Vêtements AUSTRALIE_AU 10', '10'),
(1846, 143, 'AU 12', 'Vêtements AUSTRALIE_AU 12', '12'),
(1847, 143, 'AU 14', 'Vêtements AUSTRALIE_AU 14', '14'),
(1848, 143, 'AU 16', 'Vêtements AUSTRALIE_AU 16', '16'),
(1849, 143, 'AU 18', 'Vêtements AUSTRALIE_AU 18', '18'),
(1850, 143, 'AU 20', 'Vêtements AUSTRALIE_AU 20', '20'),
(1851, 143, 'AU 22', 'Vêtements AUSTRALIE_AU 22', '22'),
(1852, 143, 'AU 4', 'Vêtements AUSTRALIE_AU 4', '4'),
(1853, 143, 'AU 6', 'Vêtements AUSTRALIE_AU 6', '6'),
(1854, 143, 'AU 8', 'Vêtements AUSTRALIE_AU 8', '8'),
(1855, 144, 'BR 34', 'Vêtements BRÉSIL_BR 34', '34'),
(1856, 144, 'BR 36', 'Vêtements BRÉSIL_BR 36', '36'),
(1857, 144, 'BR 38', 'Vêtements BRÉSIL_BR 38', '38'),
(1858, 144, 'BR 40', 'Vêtements BRÉSIL_BR 40', '40'),
(1859, 144, 'BR 42', 'Vêtements BRÉSIL_BR 42', '42'),
(1860, 144, 'BR 44', 'Vêtements BRÉSIL_BR 44', '44'),
(1861, 144, 'BR 46', 'Vêtements BRÉSIL_BR 46', '46'),
(1862, 144, 'BR 48', 'Vêtements BRÉSIL_BR 48', '48'),
(1863, 144, 'BR 50', 'Vêtements BRÉSIL_BR 50', '50'),
(1864, 144, 'BR 52', 'Vêtements BRÉSIL_BR 52', '52'),
(1865, 145, 'CHN 145/73A', 'Vêtements CHINE_CHN 145/73A', NULL),
(1866, 145, 'CHN 150/76A', 'Vêtements CHINE_CHN 150/76A', NULL),
(1867, 145, 'CHN 155/80A', 'Vêtements CHINE_CHN 155/80A', NULL),
(1868, 145, 'CHN 160/84A', 'Vêtements CHINE_CHN 160/84A', NULL),
(1869, 145, 'CHN 165/88A', 'Vêtements CHINE_CHN 165/88A', NULL),
(1870, 145, 'CHN 170/92A', 'Vêtements CHINE_CHN 170/92A', NULL),
(1871, 145, 'CHN 175/96A', 'Vêtements CHINE_CHN 175/96A', NULL),
(1872, 145, 'CHN 180/100A', 'Vêtements CHINE_CHN 180/100A', NULL),
(1873, 145, 'CHN 185/104A', 'Vêtements CHINE_CHN 185/104A', NULL),
(1874, 145, 'CHN 190/108A', 'Vêtements CHINE_CHN 190/108A', NULL),
(1875, 146, 'DE 30', 'Vêtements DANEMARK_DE 30', '30'),
(1876, 146, 'DE 32', 'Vêtements DANEMARK_DE 32', '32'),
(1877, 146, 'DE 34', 'Vêtements DANEMARK_DE 34', '34'),
(1878, 146, 'DE 36', 'Vêtements DANEMARK_DE 36', '36'),
(1879, 146, 'DE 38', 'Vêtements DANEMARK_DE 38', '38'),
(1880, 146, 'DE 40', 'Vêtements DANEMARK_DE 40', '40'),
(1881, 146, 'DE 42', 'Vêtements DANEMARK_DE 42', '42'),
(1882, 146, 'DE 44', 'Vêtements DANEMARK_DE 44', '44'),
(1883, 146, 'DE 46', 'Vêtements DANEMARK_DE 46', '46'),
(1884, 146, 'DE 48', 'Vêtements DANEMARK_DE 48', '48'),
(1885, 147, 'FR 32', 'Vêtements FRANCE Femme_FR 32', '32'),
(1886, 147, 'FR 34', 'Vêtements FRANCE Femme_FR 34', '34'),
(1887, 147, 'FR 36', 'Vêtements FRANCE Femme_FR 36', '36'),
(1888, 147, 'FR 38', 'Vêtements FRANCE Femme_FR 38', '38'),
(1889, 147, 'FR 40', 'Vêtements FRANCE Femme_FR 40', '40'),
(1890, 147, 'FR 42', 'Vêtements FRANCE Femme_FR 42', '42'),
(1891, 147, 'FR 44', 'Vêtements FRANCE Femme_FR 44', '44'),
(1892, 147, 'FR 46', 'Vêtements FRANCE Femme_FR 46', '46'),
(1893, 147, 'FR 48', 'Vêtements FRANCE Femme_FR 48', '48'),
(1894, 148, 'FR/IT 44', 'Vêtements FRANCE/ITALIE Homme_FR/IT 44', '44'),
(1895, 148, 'FR/IT 46', 'Vêtements FRANCE/ITALIE Homme_FR/IT 46', '46'),
(1896, 148, 'FR/IT 48', 'Vêtements FRANCE/ITALIE Homme_FR/IT 48', '48'),
(1897, 148, 'FR/IT 50', 'Vêtements FRANCE/ITALIE Homme_FR/IT 50', '50'),
(1898, 148, 'FR/IT 52', 'Vêtements FRANCE/ITALIE Homme_FR/IT 52', '52'),
(1899, 148, 'FR/IT 54', 'Vêtements FRANCE/ITALIE Homme_FR/IT 54', '54'),
(1900, 148, 'FR/IT 56', 'Vêtements FRANCE/ITALIE Homme_FR/IT 56', '56'),
(1901, 148, 'FR/IT 58', 'Vêtements FRANCE/ITALIE Homme_FR/IT 58', '58'),
(1902, 149, 'IT 36', 'Vêtements ITALIE Femme_IT 36', '36'),
(1903, 149, 'IT 38', 'Vêtements ITALIE Femme_IT 38', '38'),
(1904, 149, 'IT 40', 'Vêtements ITALIE Femme_IT 40', '40'),
(1905, 149, 'IT 42', 'Vêtements ITALIE Femme_IT 42', '42'),
(1906, 149, 'IT 44', 'Vêtements ITALIE Femme_IT 44', '44'),
(1907, 149, 'IT 46', 'Vêtements ITALIE Femme_IT 46', '46'),
(1908, 149, 'IT 48', 'Vêtements ITALIE Femme_IT 48', '48'),
(1909, 149, 'IT 50', 'Vêtements ITALIE Femme_IT 50', '50'),
(1910, 149, 'IT 52', 'Vêtements ITALIE Femme_IT 52', '52'),
(1911, 150, 'JP 0', 'Vêtements JAPON_JP 0', NULL),
(1912, 150, 'JP 00', 'Vêtements JAPON_JP 00', '00'),
(1913, 150, 'JP 1', 'Vêtements JAPON_JP 1', '1'),
(1914, 150, 'JP 2', 'Vêtements JAPON_JP 2', '2'),
(1915, 150, 'JP 3', 'Vêtements JAPON_JP 3', '3'),
(1916, 150, 'JP 4', 'Vêtements JAPON_JP 4', '4'),
(1917, 150, 'JP 5', 'Vêtements JAPON_JP 5', '5'),
(1918, 150, 'JP 6', 'Vêtements JAPON_JP 6', '6'),
(1919, 150, 'JP 7', 'Vêtements JAPON_JP 7', '7'),
(1920, 150, 'JP 8', 'Vêtements JAPON_JP 8', '8'),
(1921, 151, 'UK 10', 'Vêtements ROYAUME-UNI_UK 10', '10'),
(1922, 151, 'UK 12', 'Vêtements ROYAUME-UNI_UK 12', '12'),
(1923, 151, 'UK 14', 'Vêtements ROYAUME-UNI_UK 14', '14'),
(1924, 151, 'UK 16', 'Vêtements ROYAUME-UNI_UK 16', '16'),
(1925, 151, 'UK 18', 'Vêtements ROYAUME-UNI_UK 18', '18'),
(1926, 151, 'UK 20', 'Vêtements ROYAUME-UNI_UK 20', '20'),
(1927, 151, 'UK 22', 'Vêtements ROYAUME-UNI_UK 22', '22'),
(1928, 151, 'UK 4', 'Vêtements ROYAUME-UNI_UK 4', '4'),
(1929, 151, 'UK 6', 'Vêtements ROYAUME-UNI_UK 6', '6'),
(1930, 151, 'UK 8', 'Vêtements ROYAUME-UNI_UK 8', '8'),
(1931, 152, 'RU 38', 'Vêtements RUSSIE_RU 38', '38'),
(1932, 152, 'RU 40', 'Vêtements RUSSIE_RU 40', '40'),
(1933, 152, 'RU 42', 'Vêtements RUSSIE_RU 42', '42'),
(1934, 152, 'RU 44', 'Vêtements RUSSIE_RU 44', '44'),
(1935, 152, 'RU 46', 'Vêtements RUSSIE_RU 46', '46'),
(1936, 152, 'RU 48', 'Vêtements RUSSIE_RU 48', '48'),
(1937, 152, 'RU 50', 'Vêtements RUSSIE_RU 50', '50'),
(1938, 152, 'RU 52', 'Vêtements RUSSIE_RU 52', '52'),
(1939, 152, 'RU 54', 'Vêtements RUSSIE_RU 54', '54'),
(1940, 152, 'RU 56', 'Vêtements RUSSIE_RU 56', '56'),
(1941, 152, 'RU 58', 'Vêtements RUSSIE_RU 58', '58'),
(1942, 153, 'L', 'Vêtements STANDARD_L', 'L'),
(1943, 153, 'M', 'Vêtements STANDARD_M', 'M'),
(1944, 153, 'S', 'Vêtements STANDARD_S', 'S'),
(1945, 153, 'XL', 'Vêtements STANDARD_XL', 'XL'),
(1946, 153, 'XS', 'Vêtements STANDARD_XS', 'XS'),
(1947, 153, 'XXL', 'Vêtements STANDARD_XXL', 'XXL'),
(1948, 153, 'XXS', 'Vêtements STANDARD_XXS', 'XXS'),
(1949, 153, 'XXXL', 'Vêtements STANDARD_XXXL', 'XXXL'),
(1950, 153, 'XXXS', 'Vêtements STANDARD_XXXS', 'XXXS'),
(1951, 153, 'XXXXL', 'Vêtements STANDARD_XXXXL', 'XXXXL'),
(1952, 154, NULL, 'Vêtements STANDARD Numerique_0', NULL),
(1953, 154, '00', 'Vêtements STANDARD Numerique_00', '00'),
(1954, 154, '000', 'Vêtements STANDARD Numerique_000', '000'),
(1955, 154, '1/I', 'Vêtements STANDARD Numerique_1/I', '1'),
(1956, 154, '2/II', 'Vêtements STANDARD Numerique_2/II', '2'),
(1957, 154, '3/III', 'Vêtements STANDARD Numerique_3/III', '3'),
(1958, 154, '4/IV', 'Vêtements STANDARD Numerique_4/IV', '4'),
(1959, 154, '5/V', 'Vêtements STANDARD Numerique_5/V', '5'),
(1960, 154, '6/VI', 'Vêtements STANDARD Numerique_6/VI', '6'),
(1961, 154, '7/VII', 'Vêtements STANDARD Numerique_7/VII', '7'),
(1962, 155, 'US 0', 'Vêtements ÉTATS-UNIS_US 0', NULL),
(1963, 155, 'US 10', 'Vêtements ÉTATS-UNIS_US 10', '10'),
(1964, 155, 'US 12', 'Vêtements ÉTATS-UNIS_US 12', '12'),
(1965, 155, 'US 14', 'Vêtements ÉTATS-UNIS_US 14', '14'),
(1966, 155, 'US 16', 'Vêtements ÉTATS-UNIS_US 16', '16'),
(1967, 155, 'US 18', 'Vêtements ÉTATS-UNIS_US 18', '18'),
(1968, 155, 'US 2', 'Vêtements ÉTATS-UNIS_US 2', '2'),
(1969, 155, 'US 4', 'Vêtements ÉTATS-UNIS_US 4', '4'),
(1970, 155, 'US 6', 'Vêtements ÉTATS-UNIS_US 6', '6'),
(1971, 155, 'US 8', 'Vêtements ÉTATS-UNIS_US 8', '8');

-- --------------------------------------------------------

--
-- Structure de la table `tarifs`
--

DROP TABLE IF EXISTS `tarifs`;
CREATE TABLE IF NOT EXISTS `tarifs` (
  `id` int(11) NOT NULL AUTO_INCREMENT,
  `pays_id` int(11) DEFAULT NULL,
  `produit_leclaireur_id` int(11) NOT NULL,
  `prix_vente` double NOT NULL,
  `prix_remise` double DEFAULT NULL,
  PRIMARY KEY (`id`),
  KEY `IDX_F9B8C496A6E44244` (`pays_id`),
  KEY `IDX_F9B8C496C909E630` (`produit_leclaireur_id`)
) ENGINE=InnoDB DEFAULT CHARSET=utf8mb4 COLLATE=utf8mb4_unicode_ci;

-- --------------------------------------------------------

--
-- Structure de la table `univers_fnr`
--

DROP TABLE IF EXISTS `univers_fnr`;
CREATE TABLE IF NOT EXISTS `univers_fnr` (
  `id` int(11) NOT NULL AUTO_INCREMENT,
  `code_univers` int(11) NOT NULL,
  `univers` varchar(255) COLLATE utf8mb4_unicode_ci NOT NULL,
  PRIMARY KEY (`id`)
) ENGINE=InnoDB DEFAULT CHARSET=utf8mb4 COLLATE=utf8mb4_unicode_ci;

-- --------------------------------------------------------

--
-- Structure de la table `univers_ref`
--

DROP TABLE IF EXISTS `univers_ref`;
CREATE TABLE IF NOT EXISTS `univers_ref` (
  `id` int(11) NOT NULL AUTO_INCREMENT,
  `univers_ref` varchar(255) COLLATE utf8mb4_unicode_ci NOT NULL,
  `univers_ref_en` varchar(255) COLLATE utf8mb4_unicode_ci DEFAULT NULL,
  `univers_ref_abreviation` varchar(255) COLLATE utf8mb4_unicode_ci DEFAULT NULL,
  PRIMARY KEY (`id`)
) ENGINE=InnoDB AUTO_INCREMENT=5 DEFAULT CHARSET=utf8mb4 COLLATE=utf8mb4_unicode_ci;

--
-- Déchargement des données de la table `univers_ref`
--

INSERT INTO `univers_ref` (`id`, `univers_ref`, `univers_ref_en`, `univers_ref_abreviation`) VALUES
(1, 'Autres', 'Other', 'A'),
(2, 'Femme', 'Women', 'F'),
(3, 'Homme', 'Men', 'H'),
(4, 'Maison', 'Home', 'M');

--
-- Contraintes pour les tables déchargées
--

--
-- Contraintes pour la table `categorie_univers`
--
ALTER TABLE `categorie_univers`
  ADD CONSTRAINT `FK_E2E383F1CF61C0B` FOREIGN KEY (`univers_id`) REFERENCES `univers_ref` (`id`),
  ADD CONSTRAINT `FK_E2E383FBCF5E72D` FOREIGN KEY (`categorie_id`) REFERENCES `categorie_ref` (`id`);

--
-- Contraintes pour la table `filtre_ref`
--
ALTER TABLE `filtre_ref`
  ADD CONSTRAINT `FK_3FA8C6C0E359B7AE` FOREIGN KEY (`sous_categorie_ref_id`) REFERENCES `sous_categorie_ref` (`id`);

--
-- Contraintes pour la table `pays`
--
ALTER TABLE `pays`
  ADD CONSTRAINT `FK_349F3CAE921F4C77` FOREIGN KEY (`continent_id`) REFERENCES `continents` (`id`);

--
-- Contraintes pour la table `produits`
--
ALTER TABLE `produits`
  ADD CONSTRAINT `FK_BE2DDF8C649D40A` FOREIGN KEY (`produit_fournisseur_id`) REFERENCES `produits_fournisseur` (`id`),
  ADD CONSTRAINT `FK_BE2DDF8CC909E630` FOREIGN KEY (`produit_leclaireur_id`) REFERENCES `produits_leclaireur` (`id`),
  ADD CONSTRAINT `FK_BE2DDF8CF8283906` FOREIGN KEY (`couleur_fnr_id`) REFERENCES `couleurs_fnr` (`id`),
  ADD CONSTRAINT `FK_BE2DDF8CFF25611A` FOREIGN KEY (`taille_id`) REFERENCES `taille` (`id`);

--
-- Contraintes pour la table `produits_fournisseur`
--
ALTER TABLE `produits_fournisseur`
  ADD CONSTRAINT `FK_AB4CD5BF670C757F` FOREIGN KEY (`fournisseur_id`) REFERENCES `fournisseurs` (`id`),
  ADD CONSTRAINT `FK_AB4CD5BF6DF3F5D4` FOREIGN KEY (`grille_taille_id`) REFERENCES `grille_taille` (`id`),
  ADD CONSTRAINT `FK_AB4CD5BFF965414C` FOREIGN KEY (`saison_id`) REFERENCES `saisons` (`id`);

--
-- Contraintes pour la table `produits_leclaireur`
--
ALTER TABLE `produits_leclaireur`
  ADD CONSTRAINT `FK_185CDE938EE4BF67` FOREIGN KEY (`famille_5_id`) REFERENCES `famille5` (`id`),
  ADD CONSTRAINT `FK_185CDE939C511089` FOREIGN KEY (`famille_6_id`) REFERENCES `famille6` (`id`),
  ADD CONSTRAINT `FK_185CDE93A6A34A66` FOREIGN KEY (`pays_origine_id`) REFERENCES `pays` (`id`),
  ADD CONSTRAINT `FK_185CDE93ADFC272D` FOREIGN KEY (`marque_update_id`) REFERENCES `marque_ref` (`id`),
  ADD CONSTRAINT `FK_185CDE93BAD26311` FOREIGN KEY (`tag_id`) REFERENCES `tag` (`id`),
  ADD CONSTRAINT `FK_185CDE93D9B1FE50` FOREIGN KEY (`mode_acquisition_id`) REFERENCES `mode_acquisition` (`id`);

--
-- Contraintes pour la table `produit_matiere`
--
ALTER TABLE `produit_matiere`
  ADD CONSTRAINT `FK_56EFDC33F347EFB` FOREIGN KEY (`produit_id`) REFERENCES `produits_leclaireur` (`id`),
  ADD CONSTRAINT `FK_56EFDC33F46CD258` FOREIGN KEY (`matiere_id`) REFERENCES `matiere` (`id`);

--
-- Contraintes pour la table `referencement`
--
ALTER TABLE `referencement`
  ADD CONSTRAINT `FK_83A125FE4D65C7` FOREIGN KEY (`taille_portee_mannequin_id`) REFERENCES `taille` (`id`),
  ADD CONSTRAINT `FK_83A125FE51383AF3` FOREIGN KEY (`attribut_id`) REFERENCES `taille_ref` (`id`),
  ADD CONSTRAINT `FK_83A125FE548DCEA2` FOREIGN KEY (`entretien_id`) REFERENCES `entretien` (`id`),
  ADD CONSTRAINT `FK_83A125FE66A27768` FOREIGN KEY (`univers_ref_id`) REFERENCES `univers_ref` (`id`),
  ADD CONSTRAINT `FK_83A125FE717D2393` FOREIGN KEY (`coupe_id`) REFERENCES `coupe` (`id`),
  ADD CONSTRAINT `FK_83A125FEA6A34A66` FOREIGN KEY (`pays_origine_id`) REFERENCES `pays` (`id`),
  ADD CONSTRAINT `FK_83A125FEC8C48852` FOREIGN KEY (`couleur_ref_id`) REFERENCES `couleur_ref` (`id`),
  ADD CONSTRAINT `FK_83A125FEC909E630` FOREIGN KEY (`produit_leclaireur_id`) REFERENCES `produits_leclaireur` (`id`),
  ADD CONSTRAINT `FK_83A125FECC9B96EA` FOREIGN KEY (`filtre_id`) REFERENCES `filtre_ref` (`id`),
  ADD CONSTRAINT `FK_83A125FEE359B7AE` FOREIGN KEY (`sous_categorie_ref_id`) REFERENCES `sous_categorie_ref` (`id`);

--
-- Contraintes pour la table `sous_categorie_ref`
--
ALTER TABLE `sous_categorie_ref`
  ADD CONSTRAINT `FK_7BFFA2DA791EB90` FOREIGN KEY (`categorie_ref_id`) REFERENCES `categorie_ref` (`id`);

--
-- Contraintes pour la table `stocks`
--
ALTER TABLE `stocks`
  ADD CONSTRAINT `FK_56F7980520096AE3` FOREIGN KEY (`magasin_id`) REFERENCES `magasins` (`id`),
  ADD CONSTRAINT `FK_56F79805CD11A2CF` FOREIGN KEY (`produits_id`) REFERENCES `produits` (`id`);

--
-- Contraintes pour la table `taille_ref`
--
ALTER TABLE `taille_ref`
  ADD CONSTRAINT `FK_82268A2BE4D38067` FOREIGN KEY (`grille_taille_ref_id`) REFERENCES `grille_taille_ref` (`id`);

--
-- Contraintes pour la table `tarifs`
--
ALTER TABLE `tarifs`
  ADD CONSTRAINT `FK_F9B8C496A6E44244` FOREIGN KEY (`pays_id`) REFERENCES `pays` (`id`),
  ADD CONSTRAINT `FK_F9B8C496C909E630` FOREIGN KEY (`produit_leclaireur_id`) REFERENCES `produits_leclaireur` (`id`);
COMMIT;

/*!40101 SET CHARACTER_SET_CLIENT=@OLD_CHARACTER_SET_CLIENT */;
/*!40101 SET CHARACTER_SET_RESULTS=@OLD_CHARACTER_SET_RESULTS */;
/*!40101 SET COLLATION_CONNECTION=@OLD_COLLATION_CONNECTION */;
